Order_ID,Shipping_Distance_km,Order_Weight_kg,Delivery_Method,Traffic_Conditions,Order_Priority,Weather_Conditions,Payment_Method,Region,Estimated_Delivery_Time_hours
a81e0e0a-f7a6-48c2-a4ba-07c51dffeef3,144.0,15.213941386151792,Overnight,Moderate,Low,Snowy,PayPal,West,20.550370098805875
96233939-c0e8-4e66-b96a-d24d2481bcd7,443.0,21.937240172162262,Express,Moderate,High,Rainy,Credit Card,East,15.665861242556772
79db6283-9f21-4cc3-b988-6e94a80045eb,328.0,21.607726414159544,Standard,Moderate,,Clear,Bank Transfer,North,24.249920550429028
df941213-73ba-4fc1-b56f-816cba0bc3a9,350.0,12.104570217987087,Express,Heavy,High,Snowy,Credit Card,South,1.355982643031433
821dde80-dd87-40fd-a533-930e6a67d989,192.0,7.258537328048126,Standard,Moderate,High,Rainy,PayPal,East,46.03672075303224
afd7eac4-a5e4-42c0-9f99-c977c118b2db,270.0,17.392280526666056,Express,Light,Low,Rainy,Credit Card,North,47.177142026299634
914c86ef-8c35-4c50-8daa-4bcb83c9b033,214.0,16.139147265528194,Express,Light,Low,Clear,Bank Transfer,West,3.202621844803148
bb1d0d0d-93ca-45fc-a285-47637daabf68,171.0,28.643095262095574,Standard,Heavy,Medium,Rainy,Bank Transfer,West,2.8349853731739336
f3e81c4d-7be1-4ee6-ab66-7244d2c3f7f3,457.0,7.243086275166143,Express,Heavy,High,Snowy,Credit Card,North,16.686747249018588
3309f0a0-2c56-4d6d-a5bb-aa1aaa99dbd0,124.0,13.029045012035539,Overnight,Light,High,Clear,Bank Transfer,North,3.420389120758942
80d00f01-faf7-4255-bccf-430083722389,73.0,26.22133014581802,Express,Heavy,Low,Clear,PayPal,East,38.984998883076095
7375a01e-300d-4c5d-b53d-73de63938c1a,22.0,11.08452035084681,Overnight,Light,,Snowy,PayPal,South,37.06195756898919
338f310c-d28d-42a7-a5b7-d455fad61b79,332.0,23.309092233773352,,Heavy,Medium,Clear,Credit Card,North,35.695674834223496
a50c3b0a-5961-4ae4-8246-f33538b60964,392.0,0.616928285474053,Overnight,Light,Medium,Clear,Credit Card,East,1.7698288566207512
c8803734-0548-48ee-9886-40197b32f37f,181.0,22.22177253052475,Overnight,Moderate,,Snowy,Credit Card,East,34.319307072924445
376c5f08-f9d4-402f-8603-3e18501b6052,399.0,2.887344247534669,Express,Moderate,Medium,Clear,PayPal,North,17.02153149692761
147a3ba7-a5fa-4532-814a-48ee2af8d9e9,250.0,16.778793024559054,Express,Moderate,High,Rainy,Bank Transfer,South,42.492824874286455
fb863f93-d6ac-498a-b97a-b20f6616c765,343.0,15.373014908698904,Standard,Heavy,Low,Snowy,Bank Transfer,South,46.270699075133166
7b653889-69b7-4a3d-bdd7-2ccda31c0092,59.0,13.990296388363744,Express,Moderate,Low,Snowy,PayPal,North,27.093639759590513
2537b489-0fa7-497c-8fce-1704548377d1,251.0,29.791270335685866,Express,Light,High,Clear,Bank Transfer,West,13.995873767509275
df845684-33b4-40e1-b1c6-68f64ee7402f,44.0,29.448556632756684,Express,Moderate,Low,Snowy,PayPal,South,25.375301128970207
c5b6d99a-6318-4d17-9811-9583444baf49,193.0,6.359923890576533,Express,Moderate,High,Clear,Bank Transfer,West,16.89017513353121
7f756952-8f9c-4aea-8e7f-4989718e2ead,307.0,16.69398701138481,Standard,Light,High,Rainy,Bank Transfer,North,28.05873537648631
54764127-a8bc-4ab5-be07-94991edc962e,186.0,4.128234671761893,Overnight,Light,Medium,Rainy,PayPal,South,31.74296615051913
9f1a5387-d1ed-4be5-970c-fe1b61123d17,102.0,26.304444624289825,Overnight,Moderate,Low,Snowy,PayPal,North,8.806850036560583
32b2e5f2-d3fe-43f0-9736-1330f46081da,179.0,13.33363338406911,Overnight,Moderate,Low,Rainy,PayPal,West,2.3628744657984897
ffe49c77-3a83-4699-86bc-8038871fc6a3,267.0,13.528903628036902,Express,Moderate,Low,Rainy,Bank Transfer,North,19.255182102211254
0331e071-ecfb-4216-bce8-eadc92be17f2,,17.92853470547203,Standard,Light,High,Snowy,Bank Transfer,North,5.875847048698385
07f5e2c5-7a02-4b4a-bf88-9c044c0bbb67,227.0,24.4692980153004,Express,Heavy,Low,Clear,PayPal,South,28.235316894372815
47940830-3d2e-4a59-be72-19a2f047a53e,9.0,15.890601660701993,Express,Moderate,Low,Snowy,Bank Transfer,North,9.3094300614626
78c6f220-9d5e-42a7-aeb7-3092d14b674f,28.0,26.45708403963933,Standard,Moderate,High,Clear,PayPal,West,8.685775174150077
1e78cab0-4dcf-4dad-b160-0ac415b7de42,43.0,14.106899109382603,Standard,Heavy,High,Rainy,PayPal,West,34.56606352991471
10cf0f6f-07b8-433d-8436-bb7102afc319,472.0,15.405024544488077,Overnight,Moderate,Medium,Snowy,Bank Transfer,West,4.7599680571369305
e35b336a-b9f9-46dc-b30f-aa3a4ab9221b,308.0,29.32583172151357,Standard,Moderate,High,Rainy,Bank Transfer,North,10.48660934332301
5ca6cc61-924d-4cdb-8e3c-406bc077e0a9,78.0,6.06344748124709,Standard,Moderate,Low,Clear,PayPal,North,18.299268540431893
ceb315e2-e2db-4afc-ba7b-57c6e7dd779b,8.0,20.354863408515435,Overnight,Light,Low,Snowy,Credit Card,West,43.00519359375761
7b56b311-216e-42a8-8fff-da74c1021a9d,392.0,28.239379949187057,Express,Heavy,Low,Snowy,Credit Card,East,7.640423917273633
0da3917a-3b01-409a-8428-77a12c918ba7,196.0,26.29317785243717,Standard,Heavy,,Rainy,Credit Card,South,7.360852299417884
1c59d111-1e32-40ce-a33f-7d695ab73ce3,43.0,0.910005013826795,Express,Heavy,Low,Snowy,Bank Transfer,North,35.34363388446327
83204e87-62ec-4273-8666-3d26afe00878,47.0,26.604184944352845,Overnight,Heavy,High,Clear,PayPal,East,42.035794388032855
93f4cdbf-80ff-4b7f-ab87-cd81da10ab75,121.0,10.168504446221135,Express,Heavy,High,Clear,Credit Card,East,37.55523678426349
2ac2758a-595c-4ca7-8a75-195cf70f0a41,47.0,17.170036469377905,Overnight,Light,Low,Rainy,Credit Card,South,30.37991399822026
b1a5a8c9-3b85-4ce3-bb1a-57fc61981624,115.0,6.665154278619444,Express,Heavy,Medium,Clear,Credit Card,South,39.33941558880351
0e5353d7-acc1-4d62-af1f-8a810eb00085,250.0,28.646702755726146,Overnight,Light,Medium,Snowy,Credit Card,West,17.81093654807602
6bfc2574-f26c-4501-8d95-680650222828,327.0,15.56629614478673,Standard,Light,Low,Rainy,Bank Transfer,South,2.620143820849893
b7033450-eb71-4996-87e4-2a7d67ba008a,464.0,16.535994695664836,Express,Moderate,Low,Rainy,Bank Transfer,East,38.58964659658973
072502c6-4a56-4dec-a172-44df5e908a86,342.0,25.5296539989226,,Light,Low,Snowy,Bank Transfer,South,45.443604088728016
23280c12-1065-4e53-92c1-1f31019c09d5,,6.229371385814909,Standard,Moderate,,Snowy,Credit Card,North,13.805768126616357
a00c35ac-5d57-4911-a499-3f6c92da6faa,231.0,20.199267332620476,Express,Light,High,Snowy,Bank Transfer,West,34.1333234344486
e9fa757f-7fe0-4730-abc3-e7fe9e871380,475.0,12.023639471603198,Standard,Heavy,Low,Snowy,Bank Transfer,South,16.942095721389748
3376363b-d3be-4fe7-a059-6fb19b435152,449.0,24.078641695892657,Standard,Heavy,,Clear,Credit Card,North,5.290984672352976
755cc8e8-e8be-47f5-915d-4e397bbf5e96,53.0,2.44959135675911,Standard,Heavy,Low,Clear,Bank Transfer,West,14.481578239646238
4e0fcb0e-6c1e-48b9-b089-c3f110ed6e69,348.0,1.7760759341311785,,Heavy,High,Snowy,Bank Transfer,West,1.653876650295326
4434fac0-b892-496b-91c4-61e4268af59d,,23.269123108672165,,Light,High,Clear,PayPal,North,7.596037590009946
d9ef185f-77e3-4b27-b10c-97fbeba971a0,93.0,28.237851683044884,Express,Light,Medium,Rainy,Credit Card,West,25.25278724300251
6d7a8b7a-eef9-4e10-8eff-46799f2929ab,,17.010333517577415,Express,Heavy,Low,Snowy,PayPal,North,25.588957799767016
53901d98-a6c3-4c40-b71d-45c8cc8ac668,253.0,6.051040985350163,Standard,Moderate,Low,Clear,Bank Transfer,West,39.896781605945634
114211d3-7fb3-4b32-9369-dd19079d3dfb,406.0,28.023454488700317,Express,Light,Low,Clear,PayPal,South,39.63447570368895
ac628aee-70f7-495e-b0ad-c9a2dd7adb59,43.0,21.36083189266054,Standard,Light,High,Clear,Credit Card,North,21.592215566040423
cab3d8ab-d009-412e-ade6-0b78bb01bc5f,140.0,11.725636497327892,Overnight,Moderate,High,Snowy,Bank Transfer,East,44.341173294503
eb73b299-759c-4008-8dc4-8a7e1ee04ebe,424.0,13.881341835753673,,Moderate,Low,Rainy,Credit Card,North,42.845238703788304
bbed53f1-8386-4eda-8352-e31d71a04bf8,317.0,9.655489253285207,Overnight,Light,Low,Snowy,Credit Card,South,7.615735301015723
2a79c880-7844-4312-8f37-643735597f2d,202.0,7.2341966944203735,Standard,Light,Medium,Clear,Credit Card,North,41.16283904541654
e60305a5-7242-486a-9d45-30eb3abfbc73,320.0,22.157282142493735,Standard,Moderate,,Snowy,PayPal,South,46.593248094840426
b0e54de3-abfb-40df-a575-4fa047de4292,101.0,29.464602654703825,Standard,Moderate,High,Rainy,Credit Card,West,47.596643209929994
1799a963-66d6-4d57-86d8-a9cab98e50f5,434.0,22.763322375914594,Standard,Heavy,High,Clear,Bank Transfer,South,11.269940483541724
b1a74f84-eb53-403d-a6ad-6c6813645644,132.0,25.05812888053111,Overnight,Light,Medium,Clear,Credit Card,East,6.875367835135515
d4ea3e3c-85b7-4fe1-9aa1-fe513d2c7db1,239.0,5.908075422973346,Overnight,Moderate,Medium,Snowy,Credit Card,South,16.528707921608095
f8ad9383-c35a-4b1b-b6a8-a9bb143c2f53,479.0,7.252930244810261,Overnight,Heavy,Low,Snowy,PayPal,East,28.71543313683457
af5a8728-9b5b-49e1-b0f4-c3e520e83cd4,275.0,15.352466694457725,Express,Heavy,High,Rainy,Credit Card,North,42.283678209795994
72b4fd77-9209-403f-8dfa-78519a28ca13,85.0,1.6236383998092887,Express,Light,Low,Clear,PayPal,North,9.79359966044194
1e9db173-eee4-4a6c-9340-1039ccc4324f,171.0,5.876989393490194,Express,Heavy,Medium,Rainy,Credit Card,West,22.482223964785568
dfaeb061-63ce-4a93-be3c-e33adeeb4819,443.0,10.396534752225463,Overnight,Heavy,,Snowy,Bank Transfer,South,34.844616532451134
30aa9c8d-0b54-42b9-a568-38b910f5291c,297.0,27.288280955302906,Overnight,Heavy,Medium,Clear,Bank Transfer,South,5.872385305852277
ae7adef1-5ee8-42ae-9827-c39b1d81fed6,387.0,24.31263540169626,Express,Light,High,Clear,PayPal,South,16.802173351083503
cce0a205-d9e7-4f40-9d71-9065defb8e6e,476.0,27.796408261249493,Overnight,Heavy,High,Rainy,PayPal,West,36.5352282807044
ccefcc0c-5c47-44d7-ada6-2094c74bc524,392.0,17.45747743142463,Express,Moderate,Low,Clear,Credit Card,West,16.273866327376204
448bd0e6-d69a-4a61-b1ec-a85f8beed1b3,293.0,24.44564667772479,Standard,Moderate,Low,Clear,Bank Transfer,West,10.329347937630986
24797776-c2e2-495a-a772-1c49ada8d92f,423.0,2.5077751195761553,Overnight,Light,Medium,Snowy,Bank Transfer,South,17.98824578385131
0213dd4b-05c8-434d-91cf-b3483e6a2078,193.0,24.349416767878957,Standard,Heavy,High,Clear,PayPal,North,1.3393547977477103
fe255b5f-ceb6-4912-923f-711fe4e573b7,430.0,22.317400643107938,Overnight,Light,Low,Snowy,PayPal,North,9.314156264500479
acf94b23-9c50-4059-b442-b83e8acaf95e,278.0,9.900291879592343,Standard,Moderate,Medium,Clear,Credit Card,West,13.179892336019334
59a94768-b3ef-4916-bd0b-5eb3d7a2a370,,11.241877190977473,Overnight,Heavy,High,Clear,Bank Transfer,East,39.959084554036984
b6dc7cb7-f895-4620-bc87-34e0dcc3906a,139.0,11.196294616112416,Overnight,Heavy,Low,Snowy,Bank Transfer,North,26.966579138445383
a6438f5c-a6fa-42b2-b9d8-bc5e2900a057,259.0,17.069615352643172,Overnight,Heavy,Low,Clear,Bank Transfer,West,18.731611487104246
ac4305c8-9bfa-42a3-b042-10fab737c4c8,25.0,27.014296581018193,Express,Light,High,Rainy,Credit Card,West,44.01717754616798
691d927e-4f9c-4d43-a6b5-b61762bf63c8,313.0,27.15565289003227,Express,Light,Medium,Clear,PayPal,North,20.369798470646224
d41dd5e2-474f-49b3-8fa8-92fe5853651a,404.0,4.403062238053458,,Moderate,High,Snowy,Credit Card,East,28.151122067062108
e34802d1-6f2b-48d2-8c07-017a89b60b26,465.0,3.636539289026056,Express,Heavy,Low,Rainy,Credit Card,North,18.19181381167833
12a64974-b1da-49c1-933c-c93dc2fd739e,161.0,9.447531893778137,Express,Moderate,,Clear,Credit Card,West,10.590684180362535
57c409ea-f236-436c-8c40-c16a6569af86,81.0,22.28550379632982,Overnight,Moderate,High,Rainy,Bank Transfer,South,30.362395296969197
7b535f6b-384f-446a-a658-0e464ed630f3,244.0,18.173482681652885,Standard,Heavy,Medium,Snowy,Credit Card,North,37.98449801956887
28a23b7e-5fc1-4b64-8dc8-aeb31b4ac73d,,17.20183217260275,Overnight,Moderate,,Snowy,Credit Card,West,33.59797703444004
66c21ff6-b7ed-47a4-bc4b-887cd704de90,126.0,2.642445096830785,Overnight,Heavy,High,Rainy,Credit Card,West,2.988607081461879
ae2cec1c-9dd0-496a-b580-679770dc5bdb,256.0,13.843105938863651,Overnight,Heavy,High,Clear,PayPal,South,10.807331255404526
0507a3cc-4426-47e7-b5bf-d32d252b1f12,459.0,27.15138197700663,Express,Moderate,Low,Clear,Credit Card,East,6.195010272300332
9f9a4909-ccdf-4796-9bb7-8143122a3db1,122.0,28.026107607042032,Express,Moderate,High,Rainy,Credit Card,West,14.583502895726557
2e32a201-3c4f-46cc-bbff-c40377e88599,234.0,13.903106822707871,Express,Moderate,Medium,Snowy,PayPal,North,44.379003170348156
c7796e68-8dbd-4974-a289-a13c99c58e53,222.0,27.522896111603316,Overnight,Heavy,,Snowy,PayPal,North,47.24785625994437
f9dce2ee-66a0-42e7-9733-a0628acfd0ac,347.0,29.126465289190143,Standard,Light,Low,Clear,Bank Transfer,East,9.618786393701596
424ed681-09a9-4130-8665-979abab4861e,408.0,21.55727934704653,Overnight,Light,Low,Snowy,PayPal,West,18.495000860711617
053a9f49-ed6a-432f-a6c6-d5cb77e63090,68.0,6.069841019518452,Overnight,Light,Low,Clear,Bank Transfer,North,29.231265040114767
969fdfb4-42e5-4a94-b36f-6d0880d20aa4,257.0,6.928638064538927,,Heavy,Low,Rainy,Credit Card,East,42.54609697283781
d4bb1fb4-7808-4c21-9d5c-38ecda8a02f8,16.0,0.9858885729176932,Standard,Moderate,Medium,Clear,Bank Transfer,West,27.21443134061704
d4717684-74ce-495b-af41-096d3721f798,192.0,8.408901888245477,Standard,Light,Medium,Snowy,Bank Transfer,North,33.448432683967205
d74bd917-5f60-470c-90b7-40cba3e30e3d,146.0,5.322768433746845,Overnight,Moderate,Low,Clear,Bank Transfer,East,28.021514363141854
45a9c3ba-d382-42cb-a584-b0d19fbbc2e9,284.0,14.060490661807771,Overnight,Heavy,Low,Snowy,PayPal,South,18.601337514034824
6c5a9a85-6aad-4bb5-82a1-aa534ae66527,419.0,1.7086168080158854,Express,Moderate,High,Rainy,Credit Card,South,22.95510566148834
6b804824-be6f-4511-a651-62c81d1ea9f4,112.0,4.654498542521133,Express,Heavy,Low,Snowy,Credit Card,South,22.50765492014196
c1edd7b3-644a-4558-bfc0-5c291dcaf56c,245.0,20.62593619014759,Express,Light,High,Rainy,PayPal,South,19.718639453829766
14a8f4bf-026d-449e-acd6-7da05642735c,235.0,24.53427349121149,Express,Heavy,Low,Rainy,PayPal,North,46.02304776748613
43749345-dd47-4f08-90f9-01d75562ee8c,,20.506526602163426,Overnight,Moderate,High,Snowy,PayPal,East,26.87325163621488
ba0c6298-132e-4dab-8363-fe4729907a76,327.0,19.087853578456265,Express,Heavy,Medium,Clear,Bank Transfer,North,11.181777599757003
370afee5-8c13-4162-93da-9be27595cb10,470.0,25.13960510600093,Standard,Light,High,Clear,Credit Card,West,9.336429730498416
3ff919c3-d825-403d-a1eb-d9ba178511af,399.0,29.700887442402763,,Heavy,Medium,Clear,Bank Transfer,South,25.958661368912097
282948e9-c387-4717-abc7-ff5ff8b9389f,415.0,27.932291884853,Express,Heavy,,Snowy,Bank Transfer,West,40.25114205162634
684dcd68-e16e-4c67-bd1e-87ee46c7e095,223.0,22.47368544979042,Express,Heavy,High,Clear,Credit Card,South,22.5107982735373
de8f4bb8-a006-40f5-a3d1-4a26c43c5cb1,40.0,21.804937617069136,Overnight,Heavy,High,Snowy,PayPal,East,11.969767443560139
f1792ab9-f4ca-4abf-a50b-2452b62da298,361.0,26.593853615578794,Overnight,Moderate,Low,Rainy,Bank Transfer,South,12.744584163156945
72a024bf-d35c-4349-857d-e500767de844,214.0,11.99468953275971,Express,Moderate,High,Snowy,Bank Transfer,West,5.197658429388291
7fcc5755-b66a-4aa0-bfe4-2f6b6c48ed50,,19.16511002949187,Standard,Moderate,Medium,Rainy,Credit Card,West,1.0969139577084555
08906f3f-427a-41cf-a546-c0902c4a206c,235.0,5.645626492311859,Standard,Light,Low,Clear,Bank Transfer,East,32.61312954702376
d79e49f4-a7c4-4c2a-95c2-c092de068d69,469.0,23.386827790097364,Standard,Moderate,Medium,Snowy,Credit Card,North,13.381064366405765
22d1cebc-dc1f-4e05-8b17-2401ba8e4a2e,47.0,20.13018976034565,Standard,Heavy,Low,Rainy,Credit Card,North,46.46011596585775
fbde509f-251a-4d26-a4d4-095862728d20,75.0,24.722862405655373,Overnight,Heavy,High,Clear,Credit Card,North,20.059234786258045
c081e2e6-a3ab-46ec-9fe5-71e7efd74844,238.0,22.019608775528326,Overnight,Moderate,Medium,Snowy,Credit Card,East,43.946258667712435
82bbea8d-68b7-4db6-a516-74d6b237a00a,244.0,29.755104288487722,Express,Light,Medium,Clear,PayPal,East,36.584499718963535
b5ad2227-ad7e-4c1b-a96e-b64988abba0b,129.0,29.311476816532537,Express,Heavy,Medium,Rainy,Credit Card,East,5.234226908340078
c8af1022-a4be-4f38-8ce3-221637819b62,428.0,11.211088355301102,Express,Light,Low,Clear,Credit Card,West,13.905213524523921
0ef4b1fd-e52f-4d0a-a3e8-2324f09730b6,273.0,15.932734496942537,Standard,Light,High,Clear,PayPal,West,46.30987220800944
31697c45-7eca-43ff-9d48-42ad9dac3c27,115.0,24.076271547010094,Overnight,Light,Low,Snowy,PayPal,East,16.428593659705854
0a253741-bb11-40d7-acfe-72eba171ed60,308.0,13.713890086889766,Express,Heavy,High,Rainy,PayPal,South,39.191438480570014
083725d2-ddc3-4a7b-9b17-0871052c8bda,80.0,29.95021200643677,Express,Heavy,Low,Snowy,Credit Card,South,15.301460945165656
014d4098-30c5-43f9-9cee-4825f0e5db6d,153.0,16.381870266196188,Overnight,Light,Medium,Snowy,Credit Card,East,35.11641784468508
3a922511-b221-46f0-a771-9e1f61c1ba62,,25.153799454663897,Express,Heavy,Medium,Clear,Credit Card,North,7.591602087470739
dfa6fc75-d622-4152-9fac-913fd03dfa03,59.0,24.50873654336276,Standard,Moderate,Low,Snowy,Bank Transfer,East,3.11868634204989
2f9f9c4e-6fd0-45e9-911f-b67972cd922e,407.0,22.321967121208523,Standard,Moderate,Medium,Rainy,PayPal,East,27.235193506526045
83340543-0f32-4038-994b-020f604d5a07,159.0,17.584283679665237,Express,Light,High,Clear,Credit Card,North,11.583351513390646
8643eafc-2b5c-4a3a-b555-650298b02cdc,129.0,25.275580772554036,Overnight,Light,High,Rainy,PayPal,West,12.204398732745918
aad1fed1-3a0d-476b-a8b8-cbdc9f1b4c22,357.0,11.680266258390798,Overnight,Heavy,High,Rainy,Bank Transfer,North,39.39547256619517
5337a825-8101-4a88-aec9-ccfe2611a891,152.0,24.955925673109906,Express,Heavy,High,Clear,Credit Card,South,31.52653884537804
295a25ea-4089-4fe7-9d59-d4bde8d831fe,423.0,23.690407452806273,,Heavy,High,Rainy,Credit Card,West,12.36559577677789
f5ca3875-8488-4e3d-95ba-b565ad19618d,486.0,21.923270948307202,Standard,Heavy,Low,Rainy,PayPal,East,21.157534521984218
16e6b150-38f9-43f9-ada3-954b15e72234,386.0,13.140207246782822,Express,Light,Low,Rainy,PayPal,West,3.6146995534756807
1125d563-76a1-401e-826a-22dbddcc122f,357.0,5.378933141856724,Overnight,Light,Medium,Rainy,PayPal,South,3.216235344616974
41833f9a-018e-4c9f-b710-3e92c895fa6b,230.0,18.02692656431581,Express,Heavy,Medium,Snowy,Bank Transfer,North,13.551358543772968
68804169-7cb3-42eb-834a-9633daf0a8ad,322.0,3.852238442423155,Standard,Heavy,Low,Snowy,Credit Card,West,39.644237498239455
15d087af-a08f-40c1-b146-32f85dd58d18,387.0,24.1767350905069,Overnight,Heavy,High,Clear,Credit Card,North,22.847927992263717
20951ae6-182c-4bac-a65f-dd726d9db9b5,345.0,21.124491083243885,Standard,Heavy,Low,Rainy,Bank Transfer,North,27.117975952969395
608c909a-afad-4bfb-9e50-6689372486d8,326.0,6.467802802227415,Overnight,Light,Medium,Snowy,PayPal,South,5.489636948258129
80764f4c-e6c1-4e4b-88fb-710b5d3d8c1e,5.0,6.315104838892678,Express,Heavy,High,Rainy,Credit Card,West,37.08115679596199
0f5d83f6-d542-4787-9b5a-019ece9c359e,28.0,11.689603317187988,Overnight,Heavy,Low,Snowy,Bank Transfer,North,14.014143090983875
267eeb05-37cc-4ef0-ba49-30fc8c1b17e0,124.0,26.780711744278367,Express,Heavy,Low,Clear,Credit Card,South,43.82686551659438
e73df6b9-efc7-40c8-b35a-b1439c89b291,89.0,23.882867797186407,Overnight,Light,High,Clear,Credit Card,East,43.90914868227017
5b1b20d5-fed8-496b-a3fe-21152fa113f1,213.0,4.788108924430617,Express,Heavy,High,Snowy,Credit Card,North,37.03563653578316
012cb2db-4f3b-401c-9911-de4977667184,,19.83224688683543,Overnight,Light,Medium,Snowy,Bank Transfer,South,21.9586509388795
9ab10924-d9dd-4ce1-813c-741c671b5694,165.0,11.410359565215328,Standard,Moderate,,Snowy,PayPal,North,17.57291368757372
7f0388d5-206e-4958-b5f2-9c084da803eb,154.0,6.749019719355557,Express,Moderate,Medium,Snowy,Credit Card,West,6.196001917834298
6535ad88-ec68-4627-90b8-811e20f814f6,138.0,1.0342451134971742,Standard,Heavy,Low,Clear,Credit Card,East,37.80578427745779
329a483d-f6b7-4d8c-b06e-0b28a7b04ead,61.0,2.2570084500566416,Overnight,Heavy,Medium,Clear,PayPal,West,2.7801199308492643
86a89ff4-0dde-472e-94e9-cc9eb2b83bfd,269.0,3.0948936863702627,Express,Heavy,High,Clear,Credit Card,East,20.936120027654994
90980f8a-e236-47cd-811a-d5b2390412bd,446.0,29.41934714488179,Standard,Heavy,Medium,Rainy,Bank Transfer,North,7.944757270822879
2b86bf67-51f0-44e7-ba65-1ca3a94fb7ec,126.0,5.869381114534265,Overnight,Moderate,Low,Snowy,Bank Transfer,South,16.128068681710822
0b67e426-54c8-43ce-8721-03ad9ca479f8,80.0,14.183248414305663,Overnight,Moderate,High,Clear,Bank Transfer,West,23.56646536232637
3c2f0483-e554-4014-bea7-0e71c6a5a25c,78.0,0.8634725563397327,Express,Heavy,High,Clear,Credit Card,West,10.660601308154371
a2eeae4f-dbe9-47c6-8c5f-3be8d221e36e,213.0,17.281695735203225,Overnight,Heavy,High,Clear,PayPal,South,41.37295749299149
82c164ca-420d-48d8-ac3c-3c78bffe3bb6,321.0,11.137940551013529,Standard,Moderate,Low,Rainy,Credit Card,South,24.305308913663445
4cb88b1c-6f58-44e2-8436-08a724e919ee,484.0,19.209403289045344,Standard,Heavy,Medium,Rainy,Bank Transfer,East,36.700640438321436
e3ccee4c-d3cf-4515-b108-de19e903407c,471.0,9.936256147005286,Standard,Heavy,High,Rainy,Credit Card,North,36.467394109847255
5f4d2ef6-1e0d-47b5-9f06-e8b6fbc1c0bd,118.0,12.321789046320463,Standard,Moderate,Medium,Clear,PayPal,North,18.535367420932527
e91d8123-314f-48fe-923f-3a7ea50da14b,200.0,22.64215318508182,Express,Heavy,Low,Clear,PayPal,East,39.78962555558123
c7a02b32-05a4-4fb4-a9b1-57f5b4541f19,163.0,28.891756844848537,Overnight,Moderate,Low,Clear,Credit Card,East,11.38465398649096
f94e9807-2eba-4a51-8dd1-bba4075a186f,,15.719265288049192,Express,Light,Low,Snowy,Credit Card,East,26.454569479517144
95ad69bf-384a-4550-9632-9fe0008a17aa,335.0,12.413067721641996,Standard,Moderate,High,Rainy,Bank Transfer,West,32.58270732532925
18d0241f-0ea6-4dd3-9d59-b38a7b8e89ed,316.0,4.117847177647695,Overnight,Heavy,,Clear,Credit Card,North,6.152502512502535
a0eb11aa-5571-4c59-9921-ac867f9ed805,81.0,18.220403337912508,Standard,Heavy,Low,Snowy,Bank Transfer,North,1.8286870982906236
a204e067-90f4-4091-a32a-751b9cf81dab,494.0,18.558059061414504,Standard,Light,Medium,Snowy,Credit Card,West,43.670910256749316
fae3e868-e357-4c81-b3e2-dd6a4dad9bfa,70.0,28.243706711931186,Express,Light,Medium,Rainy,PayPal,East,29.660900932395165
8dfb4053-57cc-4726-aa87-ce36e2ae51e1,90.0,3.1499456699589863,Overnight,Moderate,Low,Clear,Credit Card,North,29.039982647537123
1244d33c-45e6-4ebe-9179-2001ddf8ae59,370.0,14.753128317415843,Standard,Moderate,Low,Snowy,PayPal,North,11.478915933945206
658f3777-0343-49f1-a909-4c460d9f144f,70.0,4.336617215304633,Standard,Heavy,Medium,Clear,Bank Transfer,South,45.1048475604407
99e1ff7b-eae7-40b7-a224-aeae35e20b2b,48.0,11.381393033352065,Express,Heavy,Low,Snowy,Credit Card,West,27.93358862605341
e7620cf8-d72a-474b-a46c-f741a9f67968,463.0,5.341999062709332,Standard,Moderate,Medium,Clear,PayPal,East,29.601571111721825
ab155f96-8e3e-44b2-ba78-2591292374a8,489.0,23.851550663956655,Overnight,Light,Medium,Snowy,Bank Transfer,South,13.881593831852198
c0ced6af-e4fc-4ea6-8100-e828d86c6733,50.0,24.007245150007126,Express,Light,High,Snowy,Credit Card,West,23.842125343797594
bbb7eeb0-2dd5-459f-95cd-dd6d9c80cdd8,237.0,0.7220474444877378,Standard,Heavy,High,Snowy,Bank Transfer,North,45.565808592538176
a294b7be-86ae-44ea-8434-abb4f56cfeda,90.0,23.5846354606306,Overnight,Light,High,Rainy,PayPal,South,19.379315303396588
79758371-da26-4981-bb75-c53628cd6182,113.0,16.89597527404651,Express,Moderate,Medium,Rainy,Bank Transfer,North,39.63132200091385
7c5d009c-7bc5-4b97-bab1-ed161bddda54,332.0,1.9792489753541105,Standard,Moderate,Medium,Rainy,PayPal,South,6.093190819499042
875b03d8-65b2-4324-a2c2-4c237a1ce70f,269.0,4.950561626677724,,Moderate,Medium,Rainy,Bank Transfer,North,36.167223497841476
9b343ae9-6a3b-42a8-ace1-e8d4a646e334,28.0,29.431509784048245,Standard,Heavy,High,Clear,Bank Transfer,West,37.050842341465476
5c840c4a-580a-4f10-aa3b-741a58d2795b,379.0,15.907387181251936,Overnight,Moderate,Low,Snowy,PayPal,West,18.339843767379655
74c5532d-7c01-4637-8453-3c7787812331,74.0,13.71017959293674,Standard,Light,Medium,Snowy,Bank Transfer,South,28.785665881835264
724a0f68-ada2-4148-90b9-14d71073a5b7,212.0,17.515889143787945,Overnight,Light,Medium,Snowy,PayPal,South,7.400209749971388
677862ee-c971-4d11-b2f3-54693baa24ad,88.0,22.61528640400109,Standard,Moderate,Medium,Clear,PayPal,South,18.289398910939816
778ab1f7-5390-496f-a3af-482b3d8164a8,154.0,11.990342407827775,Standard,Light,Low,Clear,Bank Transfer,North,42.84323066946764
1ef188a1-0351-4090-90e0-c870a4c35b72,360.0,15.65154367222818,Express,Moderate,High,Snowy,Credit Card,North,1.568975796265177
adc1e250-e888-45d7-8916-94bc09d9289a,145.0,6.381943148780805,Standard,Moderate,Low,Rainy,Credit Card,North,42.707032229409
b3c6daa7-580f-46a6-9e2b-71ce4695471a,258.0,7.340947170470235,Express,Moderate,High,Clear,PayPal,South,12.625064108374671
cae3d6ac-fc2b-42ec-aa2b-d7754fdc0adf,260.0,29.13271416237067,Express,Heavy,High,Rainy,Bank Transfer,East,36.55265908573993
bb0d8b64-4e7a-4872-8e1e-fb447f23549a,48.0,4.028729853109558,,Heavy,,Snowy,Credit Card,West,18.002862951301196
3c28141c-7b12-4726-98fe-3fe51734a607,207.0,15.764677685794018,Standard,Heavy,Low,Clear,Credit Card,East,2.6575552387474204
e840cc58-dcd7-4dc1-a1ac-7222985b0bc1,,20.388494382990682,Overnight,Moderate,Low,Snowy,Bank Transfer,West,35.446715301196484
b027d6ea-9abf-4ec3-a7eb-79982d007021,10.0,6.34486015010742,Express,Light,Low,Clear,PayPal,West,45.12066258281837
55d9d0bd-882a-428f-80bf-36efc0428d1c,14.0,25.376651966222017,Express,Light,Low,Clear,Bank Transfer,North,9.070169359213995
c4656149-8d75-4317-9771-d1567d4d64b1,239.0,25.522320654471525,Express,Heavy,Low,Clear,Bank Transfer,South,22.363215401554843
c4f9e35a-035b-49d5-9767-35040c927d63,460.0,3.09654457730619,,Light,Medium,Clear,Bank Transfer,East,26.61620662221475
86b4863d-701a-4101-a340-dd462b0eed41,207.0,0.8805650882046332,Express,Light,Medium,Clear,PayPal,East,21.801783018923203
c7b956d7-575e-4db9-b137-df8c58df771f,48.0,25.171394410119483,Standard,Heavy,Medium,Rainy,PayPal,South,17.52604273552041
ad989eb9-5be8-458f-b0c3-481dd901b2ed,300.0,11.162657310908125,Overnight,Light,High,Snowy,Bank Transfer,West,19.412199941919262
6d27bc20-5349-45b6-a96c-4284f0ca887b,27.0,11.805043056438747,Standard,Heavy,,Snowy,Bank Transfer,East,23.573176760025362
24d34f4c-c590-432c-b0c5-b1bbb568ffd3,149.0,27.40194513643669,Overnight,Moderate,Medium,Clear,PayPal,South,30.658510016136024
55451444-be7c-41f8-a4f6-741759d45bbf,197.0,21.97349414161102,Overnight,Light,High,Clear,PayPal,South,15.928885544809221
16699791-4e67-4359-8f46-0be1b9d2f606,324.0,5.16511751114759,Overnight,Heavy,Medium,Rainy,Credit Card,North,20.328478031803837
2c3ddb48-49e7-4817-a3cd-63c1cbbc011f,410.0,20.22750381422278,Express,Light,Low,Rainy,PayPal,East,16.233815754260796
c9933026-d987-4667-ab45-947adfd38284,300.0,8.904547903070407,Standard,Moderate,High,Snowy,Bank Transfer,East,15.805109184702125
90d3a9e6-240f-4db3-a522-161e3160eb65,194.0,26.917692949639086,Express,Moderate,High,Snowy,Credit Card,East,10.940261433783864
26e490b8-f60c-4dd8-81c3-eff4f0471958,136.0,29.36407873084543,Overnight,Light,Medium,Rainy,Bank Transfer,West,39.525213136428064
dc12939c-3e4e-45f9-92d1-50fc7af2d97c,27.0,8.034570204806995,Express,Light,Low,Rainy,Bank Transfer,East,32.44991126026467
10ca0a11-1114-4691-bb15-e8a3f0b3c14b,,26.877288602362935,Express,Light,Low,Clear,Bank Transfer,North,29.89315906774953
54859c1f-2571-4bce-b600-d365373944dc,367.0,25.55006035420866,Standard,Light,Medium,Rainy,Credit Card,East,1.0028030797971863
753133ed-527f-4d5c-97ef-3e4ba7e4411f,12.0,28.193664278422457,Standard,Moderate,Low,Clear,PayPal,South,34.88603826355633
5b93d219-988c-4861-a2e2-ccb03c71d5c2,430.0,4.473528678258125,Express,Heavy,Low,Rainy,Credit Card,South,23.726089390072357
516fd1e8-9b77-46a4-8f55-a5c87fed05f9,323.0,21.750018711526298,Express,Heavy,High,Rainy,Credit Card,West,37.55705211561009
fa06674a-c9fc-4499-a27e-1b0d69c990d9,69.0,24.857489781171658,Express,Heavy,Low,Clear,Credit Card,South,13.685932537353924
0454581d-0c29-4b03-9702-fb3460e30cc6,,1.5886419737590454,Standard,Moderate,High,Snowy,Credit Card,East,34.345941827841145
c1bd3011-7ec4-47b0-9434-3a256faf4d82,,10.981179748062459,Overnight,Heavy,High,Snowy,PayPal,East,26.96205944177138
20d3cd29-cfd1-43b3-8b97-36ab6020d184,177.0,6.525875800706309,Overnight,Moderate,Low,Clear,PayPal,South,37.886339283338486
0ba530c9-e038-44d8-9974-5cf90e2ff041,103.0,3.895432726638642,Express,Moderate,High,Rainy,Bank Transfer,South,37.83274889349188
e50dbf90-f7da-4a31-8f8e-be63879a0c4e,267.0,15.329596848313907,Overnight,Heavy,Medium,Snowy,Bank Transfer,South,2.52074568137246
89fac8d1-e579-46fd-97ac-146a437af9b2,141.0,6.882387765502006,Overnight,Light,High,Clear,PayPal,West,9.339320401679126
0cfe0326-8995-4590-ab54-113a8ad529b5,173.0,23.739399314249713,Standard,Moderate,Medium,Snowy,PayPal,South,41.69218424752973
0328c6b2-90ec-4ab9-9aab-5fcc62c21789,425.0,23.42080010681155,Standard,Light,High,Snowy,Bank Transfer,East,10.00545922170517
71cf09c9-105f-485a-b4c5-22f73a62c512,478.0,11.569996854884478,Overnight,Heavy,Low,Rainy,Bank Transfer,North,41.81712610053134
a6f6facf-2ec5-4a55-877b-2cb27a6175c9,261.0,13.087048117003475,Standard,Heavy,,Rainy,Bank Transfer,West,28.854025559219714
8476e9b4-58b6-4f6e-9845-701b309c77ed,304.0,0.7338864034606469,Standard,Light,Medium,Rainy,PayPal,North,2.472794136355999
0ce6d5ae-14a4-4026-83e5-0ae84d5d2c89,443.0,17.523944226702408,Overnight,Moderate,High,Rainy,PayPal,North,37.2961465205712
3538b118-fafe-45e5-ae42-08577c568f4f,,28.384198469952544,Overnight,Heavy,High,Rainy,PayPal,North,13.816582046513561
0aec03ca-816d-4159-bf16-f334fa1d7418,176.0,27.734568238094212,Overnight,Moderate,Medium,Snowy,PayPal,South,3.698698437281694
f6dc339c-e38b-400b-a35b-0f15b21aea35,319.0,13.552791135363464,Express,Light,High,Clear,Bank Transfer,South,33.826021580067376
7b5cda3d-fda5-485c-bbd8-4d4d6d239c1a,294.0,22.303910257724514,Overnight,Moderate,High,Clear,Bank Transfer,South,39.67065222985021
5b14384e-6ac6-4a08-b4bc-3dd849442185,,2.9695311623383644,Standard,Moderate,Low,Snowy,Credit Card,North,33.084086106268785
4c0bfdcd-8c07-4b00-8a10-c23cb9c97531,155.0,4.077568828307745,Standard,Light,High,Rainy,Credit Card,West,43.6028498603291
cdcc3ca7-0d83-4549-ad93-b21583c5afc2,212.0,12.078319221867764,Express,Heavy,High,Rainy,Credit Card,South,31.156150764842245
9fa3329b-2b14-4f61-9a2f-840f2d35b012,,25.178017517854496,Express,Heavy,Medium,Rainy,PayPal,South,40.89623773509754
0bb5150b-a02e-4167-b77a-32ea7f69ee19,238.0,10.292633956358937,Standard,Moderate,Medium,Clear,PayPal,East,23.672863115342412
8e737c53-0378-4d54-8c8c-a392d309d8a5,,25.16963085513248,,Light,Low,Rainy,Credit Card,East,33.88881774040974
1239879f-e9f7-4e0f-9d15-db56d7f981fa,328.0,4.835076848967202,Express,Heavy,Low,Clear,PayPal,West,45.6572220655882
1a2505b0-2c10-4d44-8a4a-dd83add54b41,310.0,17.689578194506872,Standard,Moderate,Medium,Rainy,Credit Card,East,39.9851771293494
5034ef50-e1f2-418a-863f-651e1d08655f,224.0,12.362573391720808,Express,Light,Low,Rainy,Bank Transfer,West,43.12236664717047
26b3bcc7-c001-45f1-bd2d-37e4b599f06d,366.0,2.4937438813759876,Standard,Light,Medium,Rainy,Bank Transfer,North,34.12635740488294
584a0d87-7d72-446a-8704-31320e4951af,43.0,27.16207227760849,Standard,Heavy,High,Clear,Bank Transfer,East,1.926718286195608
bed2fc4e-c22b-4761-90f8-deec883215d2,424.0,17.609290683774418,Express,Light,Medium,Snowy,PayPal,South,31.934877114256505
5f59e1ab-0bfc-4d2d-a481-084bac0fda7c,186.0,20.784170595610938,Express,Moderate,Medium,Snowy,Bank Transfer,West,46.30257812351305
c91fb837-8185-4e53-a120-0e700a053d37,22.0,13.040330472156143,Standard,Heavy,,Rainy,Credit Card,North,34.36330240772313
345799ed-1c3e-4b55-9734-010f1cf43f67,180.0,10.399590962156934,Overnight,Heavy,Low,Clear,PayPal,West,25.450157972393043
0dddf398-d0af-42ff-8583-09abbe6139a6,,26.53708267718357,Express,Moderate,High,Rainy,Bank Transfer,South,41.44405881294561
667c5e54-3863-457c-8dd7-14aab483af5e,219.0,12.732442328596242,Overnight,Moderate,Low,Clear,Bank Transfer,North,21.36936041186897
36d22ece-2981-48bf-b5cc-358ee02228b2,96.0,9.946547017743553,Standard,Light,Medium,Clear,Bank Transfer,North,36.961507450796105
1d31404c-5eeb-403f-822c-86e7ac6c1a4f,420.0,16.46229363568989,Overnight,Heavy,Medium,Rainy,Bank Transfer,North,19.177421624962328
2b85e086-a93b-4561-80ef-3f2ac3f109c9,131.0,6.495143556044162,Standard,Light,High,Clear,Bank Transfer,East,2.848016620847401
b6ee1053-29ef-4892-b797-700a719a641c,493.0,27.60326071360192,Standard,Heavy,Medium,Rainy,Credit Card,West,19.261187806017546
510c344b-562a-4dfb-9fd3-012215ade939,19.0,22.152512570122745,Standard,Moderate,Low,Snowy,Bank Transfer,South,28.606353942621425
85d84824-a88f-4907-9e40-bb9c5ae63290,201.0,2.145272990972966,Standard,Moderate,High,Rainy,Credit Card,South,41.640880662457704
e758f138-43ca-4a49-8870-a797fc772225,326.0,16.259061656549815,Overnight,Light,Medium,Rainy,PayPal,West,46.11194671304931
e781bf2b-514f-408e-bbb1-b0270b7461f9,20.0,25.306731561991985,Overnight,Heavy,Low,Clear,Credit Card,East,10.012207439626861
516b7db0-09d9-4a23-8fe7-cbce0182af0e,285.0,27.112527115499166,Overnight,Heavy,Medium,Rainy,Credit Card,East,35.42815627274721
bdf4c17d-ee89-4907-8cf3-177d36af4a89,367.0,24.834858688043493,Overnight,Heavy,High,Snowy,Bank Transfer,West,44.366846502453825
86a46f50-2c9b-4f93-882a-51bb0bab4def,412.0,28.066710520084712,Overnight,Moderate,High,Snowy,PayPal,West,36.35045137301229
7c595cc3-4ab6-46a2-ae8c-fd7792bc630f,104.0,14.466485338542778,Overnight,Moderate,Medium,Clear,Bank Transfer,East,38.539307707503504
25ccb59b-dc80-4375-a970-3c86a733b91c,,7.006478382929687,Express,Moderate,High,Snowy,PayPal,East,21.01178992293749
eb96eb4e-7459-44e0-b776-cc8120efe85e,105.0,15.333071125767946,Overnight,Heavy,Medium,Snowy,PayPal,West,13.050863435806193
3c11b366-11d1-414b-8d02-d911f4d712c3,397.0,5.8917993408048535,Overnight,Heavy,Medium,Rainy,Bank Transfer,South,47.78659561319066
cb27b4c9-245a-4e09-a4bb-44e444a6a396,66.0,29.834134426515526,Express,Heavy,Medium,Snowy,PayPal,North,16.408599100306397
8d079fe5-aaa6-4452-816f-97cf6a5fcad2,124.0,7.95688593317801,Standard,Heavy,Low,Rainy,Bank Transfer,West,45.4925066718833
f8787d91-e815-4756-adad-2f4ebe028427,,12.206256959706637,Standard,Light,Low,Rainy,Bank Transfer,East,19.961199786576703
13db05db-81d0-46cd-9d42-f7d0019bfac9,430.0,23.95591999339987,Express,Heavy,High,Clear,Credit Card,West,31.782398994117862
99752bcf-ae8b-40d1-a0e8-2e401839dc4b,130.0,8.557958045462383,Express,Moderate,Medium,Clear,PayPal,North,5.4433258137742815
6b8ff33b-c038-4466-875e-c37005c638b0,132.0,22.045175072178868,Standard,Moderate,Low,Rainy,Bank Transfer,South,31.68013817262144
6941278c-b154-4ee5-b4c6-6a3b04479232,341.0,9.218983549723704,Express,Light,High,Snowy,Credit Card,South,16.224410762932724
db019cba-e91a-40c1-9b4a-549b6526be22,321.0,14.547855555580412,,Moderate,Low,Rainy,Credit Card,East,22.720293682145147
d7ac33df-ee90-4fc5-b165-5975934e7c87,460.0,10.058666460034054,Standard,Light,,Clear,PayPal,West,25.078364188783492
a8409829-14e3-41e1-84b6-e62993e0654c,403.0,18.499127620656452,Express,Moderate,,Rainy,Bank Transfer,West,23.242920262654337
9727d2cd-0eff-402e-bb75-4937bc6572b8,425.0,3.997794226499732,Express,Light,Medium,Clear,Credit Card,West,43.80894394364939
9e1d838d-308b-4d32-bcfc-34fa2eb80bbe,317.0,23.78203058926165,Overnight,Heavy,Low,Snowy,Credit Card,South,32.80100435725102
9ad082f3-6568-4713-b998-fd995668ca18,,4.506686395148051,Standard,Heavy,High,Snowy,Bank Transfer,West,11.211014451415267
8c68b0a1-32fc-47a3-be8b-624a62c82744,477.0,17.873132461699175,,Moderate,High,Rainy,PayPal,West,21.01606126171129
22da97f7-044f-4411-af9f-b78d81ebad58,434.0,21.283761825020303,,Heavy,Medium,Rainy,Credit Card,West,10.621400076180699
c71a4d1c-fa08-48b4-a931-3eb57a60bf2d,57.0,4.452259790098386,Overnight,Heavy,Medium,Snowy,Bank Transfer,North,32.603020218355695
aa71e1d6-a769-4a4e-8b33-4ee3930317a9,337.0,23.46791897736482,Overnight,Moderate,Medium,Snowy,PayPal,West,22.15039220961493
bbd376ea-6fbe-4386-a1c6-e04991aa5dc4,292.0,24.86611976910974,Express,Light,Low,Snowy,Credit Card,East,24.12948416483454
88fd9bfb-2eaa-4816-b8af-bc6b25278f06,323.0,15.64206161465995,Overnight,Heavy,Medium,Rainy,Bank Transfer,West,17.840354559751276
46f15f21-2131-4371-87d6-ffb1b227b61c,93.0,23.62270556217446,Overnight,Moderate,Medium,Clear,Bank Transfer,West,25.439549085790333
2930a36e-4f9a-437f-9717-21799edd8ac8,125.0,23.04024888356462,Express,Moderate,Medium,Snowy,Bank Transfer,North,21.71737361520617
54339361-dca2-47c8-81d6-17506e3854eb,176.0,9.38230823298317,Express,Moderate,Low,Snowy,Credit Card,North,46.84007683044575
71b0ba5c-93a5-46ea-a551-d4a2bb990b27,388.0,27.18558701368986,Standard,Heavy,Low,Snowy,PayPal,South,18.369244902469905
c9e21587-0ed5-4bea-a929-3fc769917a48,466.0,1.7710317066922991,Express,Moderate,High,Rainy,Credit Card,South,26.82818074300607
eb2d69f3-7bd1-4589-9c7d-c3c1fcbb18e9,448.0,1.3185956692972762,Overnight,Heavy,High,Rainy,Bank Transfer,West,47.72347959678883
47aba84f-9728-4802-88f5-b0cbe70e9cb8,329.0,2.207336411305645,Express,Heavy,Medium,Clear,Credit Card,North,45.664507869286176
23b9153a-396f-47e9-b310-d3e6bf3b20a7,367.0,7.266254649633424,Express,Moderate,Low,Snowy,Credit Card,North,25.993566249877748
2a939115-b12e-438a-97bc-989db636959c,290.0,7.835417380284575,Express,Light,Medium,Clear,Bank Transfer,South,41.80335185721416
bdb060ae-8f94-4deb-a25c-0e4dadeac5d5,143.0,19.34226565160645,Standard,Light,Low,Snowy,Credit Card,East,46.67575233875529
9a4febcb-45f7-4b7f-9723-c6ce0ec0bafd,255.0,14.918462147812178,Standard,Moderate,Medium,Clear,Bank Transfer,North,25.81301843999609
4af49619-3540-427b-8ded-0a005d8db0c6,437.0,10.015471335325849,Overnight,Moderate,High,Clear,Bank Transfer,West,41.45116013612675
147144e0-1d1b-4df6-a71d-b7efcd3cc127,241.0,13.10314347646649,Express,Moderate,Low,Snowy,Bank Transfer,West,15.607775712501336
5da8cc9f-87fa-4f92-b4e2-b770046793c6,110.0,20.378402074469694,Overnight,Light,Low,Snowy,Credit Card,East,39.938135112678495
2e5c2c89-cc16-4ef9-9151-e7d6e6c7a9fa,92.0,20.142345659180165,Overnight,Light,Low,Rainy,Credit Card,East,15.583810199005637
202a2c8d-b025-4132-8ec2-c7a3939fa2a5,386.0,26.4572724355982,Overnight,Heavy,High,Snowy,PayPal,North,25.680735031627684
7232ad4b-53b9-4ab6-8bf4-908a4863845c,15.0,9.39961761123103,Express,Light,High,Clear,Bank Transfer,East,11.57465325107585
3fc156c3-cdac-4fe3-a8d1-594ac8d2db6c,,20.468124609535344,Standard,Moderate,High,Clear,Bank Transfer,East,23.917057278926876
c8a6dbb8-0297-4c58-9b3a-ba7bc0139053,10.0,3.7425007957228695,Standard,Light,Low,Clear,Bank Transfer,West,13.53320022405916
28381434-2c02-4971-a453-a7067f8be49c,218.0,12.475692384525486,Express,Heavy,Medium,Rainy,PayPal,South,43.972765094138374
c8952c1b-0135-4371-8438-e0d67e79c0fc,372.0,21.09765971958232,Express,Moderate,High,Clear,Bank Transfer,South,40.82653416952928
96524cc7-ec7e-4073-b968-60ef1f48efea,304.0,19.797239012434055,Overnight,Moderate,High,Rainy,Credit Card,East,35.83509414011632
7d65994a-03e7-4c10-8cdf-5ec463af31ac,107.0,27.344284652947202,Overnight,Moderate,Low,Snowy,Credit Card,North,14.31248957651297
25fb920a-ee6b-4e6d-bfc5-b0379e27402d,387.0,2.113024152763896,Standard,Moderate,High,Snowy,PayPal,North,30.119282916835907
844c2b58-6695-4143-9aa8-1f4343ccde04,265.0,17.83379936299899,Overnight,Heavy,Low,Snowy,Credit Card,East,44.96948940977554
c0facb5b-dff2-414d-9e05-fa475678e83c,328.0,7.544260893004041,Express,Heavy,High,Clear,PayPal,West,42.589890284518034
29560866-2663-4a7a-bacc-859ec67e3ca4,412.0,3.6336476936783506,,Light,Medium,Snowy,Credit Card,North,20.855199000515896
42b9a03d-fafd-4541-af4b-1ddd60c553dc,310.0,1.3550126451629763,Standard,Light,Medium,Clear,Bank Transfer,East,13.78152507875153
83b97aec-6c75-478b-88b8-80a3eb30af65,62.0,27.278905624967543,Express,Light,High,Rainy,PayPal,West,33.07583219382152
88137b44-f9ba-48fa-bbbc-6c838fb837da,203.0,26.22789787317249,Standard,Heavy,Low,Rainy,Bank Transfer,West,35.99463707151805
d9c32474-112a-4975-ad07-5f71d06d21e2,407.0,10.868830927773638,,Heavy,Low,Rainy,Bank Transfer,West,43.06870198722564
a2260afc-c8ce-4e09-8772-fb13720698e3,237.0,26.821395832744166,Overnight,Light,Medium,Snowy,Bank Transfer,West,15.131148658037127
0eff5795-a2d8-4560-acb7-38fbd384a004,298.0,7.512618200550023,Standard,Moderate,,Snowy,PayPal,West,14.608591463502409
7d8f498e-2d86-4503-a8f8-9310194e5799,38.0,1.4952621942321012,Overnight,Heavy,Medium,Rainy,Bank Transfer,West,35.24603990698607
99877bfe-5463-4736-a20f-dad3c1aaa0cf,22.0,1.2059089071035247,Standard,Moderate,Low,Snowy,Credit Card,West,25.163411289404078
43ecb002-de6a-429f-a5d2-82460501105f,,4.800298847066794,Standard,Light,,Rainy,Bank Transfer,West,33.92528019916597
7fbd8e94-bc03-4dc8-8ef1-2f750e17dff8,,7.684555677448238,Standard,Light,Low,Clear,PayPal,West,42.71584992608447
5980aed8-7ee0-40b0-b616-ad9bbc275427,339.0,23.490785781240316,Overnight,Light,Medium,Rainy,Bank Transfer,East,25.518377208552284
46c70fcc-dc1f-48d2-9c58-cefd6d02b9e4,351.0,11.245551069865419,Standard,Light,Low,Rainy,Bank Transfer,South,42.51758522084472
7b51ad79-c85b-4333-85b2-871c37ac4698,473.0,8.635016395728051,,Light,High,Snowy,Credit Card,East,36.526040106895806
89dccd99-e739-47b2-aa7e-cc9a8b198102,332.0,10.452358244243044,Standard,Moderate,Medium,Snowy,Bank Transfer,West,7.930303097299231
e4235221-b226-42cc-8f51-ff0e7877e2d4,17.0,0.9387590582244658,Overnight,Light,High,Rainy,Bank Transfer,North,10.847694210871323
66d6d06e-b609-48c6-b2df-16a75076ddec,227.0,29.894414150099692,Express,Heavy,Low,Clear,Credit Card,South,30.7671222878876
640849b5-282b-440d-8e00-21cbbcbf6267,447.0,4.9032370297003,Standard,Heavy,Low,Rainy,Credit Card,West,44.52931136149316
250399c2-2d9e-41f8-bff8-ccd7f253d99c,379.0,15.301172084282506,Overnight,Moderate,Medium,Clear,PayPal,West,14.078793078877116
e6302d12-0a04-41f3-8b82-24e0ffbef23c,,8.078422245633304,Overnight,Heavy,Low,Rainy,PayPal,South,19.437706182770032
86d3e770-a20a-496f-8f9d-1686ec2d158a,352.0,0.7118132203920573,Express,Light,Medium,Clear,PayPal,East,33.460135284799925
08d4ea49-3619-449f-85fe-1631b34662db,419.0,15.837383751174555,Express,Light,High,Clear,Bank Transfer,West,27.530432614198254
24f64051-2fcd-4ab9-ba2a-bfdebd58c9c1,219.0,26.389476299313795,Standard,Moderate,Medium,Snowy,Credit Card,South,36.164785313634724
e159131d-e7f4-4dd0-9ba4-9d451f65fd93,240.0,11.578190076737288,Express,Light,High,Clear,Credit Card,West,46.89073119608088
0890c44a-aaec-45b1-b930-1fac941b4aac,461.0,27.928145744366038,Standard,Heavy,Medium,Clear,Bank Transfer,North,2.5055713338442134
9e5f4c24-85f1-4551-92ea-a56bfa6be647,190.0,4.88121641555086,Express,Light,Low,Snowy,Credit Card,East,4.171848623077512
ee6486e8-b99e-4e23-a44b-a26ae11cfc39,188.0,22.72143631298023,Overnight,Moderate,Low,Rainy,PayPal,East,36.62706465659977
16b35ad7-a5e1-406c-bcc4-316a503bd337,133.0,22.089327373269,Express,Heavy,Low,Clear,PayPal,West,1.6804909549075662
a59fcbf7-9d7f-4e4e-a500-820e2242ec49,243.0,9.889831720231761,Express,Light,Medium,Snowy,Bank Transfer,East,20.58729574796625
b8cb3d55-f8c3-435b-90ca-591b597c7c2d,409.0,1.4401296425326002,Express,Heavy,High,Snowy,Bank Transfer,South,26.0027004375911
ef49ec1b-f580-46aa-bff5-1d1ad3cbad8a,456.0,18.398795464661294,Overnight,Heavy,Medium,Rainy,Credit Card,South,22.273330403366334
00d389a8-5220-4f68-9ce5-ac5d78a66c51,220.0,21.152796543158438,Standard,Heavy,Medium,Clear,PayPal,West,35.034985766428434
14da8fb7-f39a-445c-b196-1f53dfd1ba62,70.0,23.982626989554642,Express,Light,Low,Clear,PayPal,North,26.765780651770637
d1bf6d46-2649-4cb5-abaf-e94787366bc1,47.0,28.071822291005144,Standard,Moderate,Medium,Snowy,Bank Transfer,South,31.98398288227456
13d91de5-3268-4d2d-aea3-f5c0cb139116,224.0,13.364365614940922,,Light,Medium,Clear,Credit Card,South,21.07875617527786
59849739-f830-4563-ab11-2d68b72e6f7a,477.0,28.101392978654516,Express,Heavy,,Snowy,Bank Transfer,North,41.05917170886342
37e2ec17-4da4-4bb3-8077-fa7269f97c82,455.0,14.09475127614675,Overnight,Light,High,Rainy,Credit Card,East,35.74709253938128
05eb2a73-d6f0-4e5a-96ee-ef00c3a0f468,469.0,14.523343097655848,Overnight,Light,Low,Snowy,PayPal,West,31.77658215349465
f36370e5-877e-4718-944e-a51e0e5a555c,115.0,0.6964335932806924,Standard,Heavy,Low,Rainy,Bank Transfer,East,5.51969409402029
40283d8e-6957-4ca6-bd55-f4e5c2a230fe,,9.391509501999758,Express,Moderate,Medium,Snowy,Bank Transfer,North,44.72626408745517
2d4af7ef-b037-4da2-95d7-9e48a380035e,488.0,15.257161738645747,Express,Moderate,High,Rainy,PayPal,East,20.333602550246773
c30f88e0-b811-43a4-b59c-571a389198da,499.0,14.252479777757049,Standard,Moderate,Low,Clear,Bank Transfer,West,4.565134852679731
7f6ffd8b-21d7-4bbd-a1f4-ce54409d4f75,,25.664018700682618,Standard,Light,High,Clear,PayPal,East,34.83949008133661
95edb947-c5c8-49ef-b95e-310b59ed7a96,5.0,2.387139208576823,Express,Moderate,Low,Clear,Bank Transfer,East,11.651286700014154
a2177ec6-0b7a-4c50-9502-92248563f377,,17.791530070265438,Overnight,Moderate,High,Clear,Credit Card,West,22.322726939006223
adff80e0-e88d-4fbc-91e0-46c7dabcc266,317.0,15.686413801598038,Express,Heavy,Medium,Clear,PayPal,East,43.040930241795614
33e251aa-c665-4f8b-8869-1a969fc94241,427.0,24.128476818621664,Express,Light,Medium,Clear,Bank Transfer,North,8.8235812712982
a507aa7d-17b3-4b04-8258-3a34501c2d26,405.0,17.426047393945748,Overnight,Heavy,Low,Snowy,Bank Transfer,North,45.911873828064785
31281050-d575-42d3-b086-8452e5104b95,194.0,6.935069857703361,Standard,Heavy,Low,Snowy,Credit Card,North,41.20048895483676
54946d77-29cc-4997-a177-c5845695c21c,249.0,12.42782949447992,Standard,Moderate,Low,Clear,PayPal,North,13.940303882214895
ad668482-b18f-4793-9ff8-c63517f2ddfb,162.0,12.8706820791375,,Heavy,Medium,Snowy,PayPal,East,37.582865152585335
753545c4-12d1-434f-a59e-923b1315fd05,483.0,1.226796141460804,Express,Heavy,Low,Rainy,Credit Card,East,34.17366593506586
447d6ba9-e3b2-4d15-9d66-788286d0b618,314.0,22.202561838761117,Standard,Light,,Snowy,PayPal,South,6.806961937948415
ebba4394-d16c-43e9-b2f5-21d7b6379feb,104.0,21.107534894560974,Standard,Heavy,Low,Snowy,Bank Transfer,West,27.26561290326095
4b773ece-bcdb-4362-895f-4cb1b20c2c27,365.0,5.282743914177182,Standard,Heavy,Low,Rainy,PayPal,South,6.322076090395075
d381daa2-9f93-4426-bf48-169011555e37,318.0,28.913016202880424,Standard,Light,Medium,Rainy,PayPal,East,10.037426252603282
0bcc88bb-0bf8-4a9e-9f17-b4c12ae2a813,385.0,23.777097290397165,Standard,Light,High,Rainy,PayPal,North,45.89749107925967
7498638b-8e7e-4b34-8b4b-30131e3f4e11,,15.00132931478893,Overnight,Light,Low,Rainy,Bank Transfer,East,30.198982258984845
1436481e-3703-4105-a239-96b969cfb707,123.0,13.976822650147042,,Light,Low,Clear,Bank Transfer,East,36.32988610984017
f7502446-9c94-477e-afa8-535df76e93c7,337.0,7.707403656388328,Express,Moderate,Low,Rainy,Bank Transfer,South,29.7605506413079
3bd1968c-e84f-4c6d-9931-6230bbeac3db,206.0,15.469260399250718,Standard,Light,High,Snowy,PayPal,West,43.87229013376369
42a0595f-7c3f-465b-840d-50401a989cd8,122.0,28.419997378164172,Standard,Moderate,Low,Clear,Credit Card,East,27.258845782800172
28082918-4a40-4989-ad41-fd99dfb1986a,,9.96143471919281,Express,Heavy,High,Snowy,PayPal,East,26.794311048918214
0e8e1454-6bcf-425d-bace-f72146b16800,49.0,24.302886549395467,Standard,Light,Medium,Snowy,Bank Transfer,West,16.144791653821528
55b1800f-9314-4f97-a459-f67d5b77152e,457.0,8.245718177771463,Overnight,Heavy,High,Clear,Bank Transfer,South,3.6881063341662847
dc497a21-6e43-41c1-aff2-f8314f054236,77.0,20.936926018882787,Standard,Moderate,High,Snowy,Bank Transfer,North,36.11778218584548
f1609ef1-8f3e-4226-af39-fd202ddc495e,37.0,15.137170955989708,Express,Light,Low,Rainy,Credit Card,North,42.661867162716476
3d2959d2-d077-42cf-8ba0-b74a39a43c60,245.0,26.89572493208126,,Light,High,Rainy,PayPal,North,30.62071854771236
d86a513e-45ae-4544-bd26-ff506ee0db26,,15.158730510988239,Standard,Light,Low,Clear,PayPal,West,37.33056393141571
08c4f7d7-902c-4e3a-a5f0-5813649184f8,,24.388824298313473,Express,Moderate,High,Rainy,Bank Transfer,East,11.784838851275548
587d65d7-65f1-45ed-a2d8-631bcdaba560,337.0,20.461204419442314,Overnight,Heavy,Low,Snowy,PayPal,South,33.16203646474192
1cd6ef5d-95cf-4cc0-8a32-1edf08f8df11,167.0,22.199289901315087,Express,Light,Low,Snowy,PayPal,West,32.74145409857264
29528ec0-2233-43d5-906d-2bac1a672df5,237.0,9.10326116848656,Standard,Heavy,High,Snowy,PayPal,North,25.252156590518453
07f97390-b777-4812-b280-bd85423a7452,138.0,29.66005727786047,,Heavy,High,Snowy,Bank Transfer,North,6.283008148011189
ea0b566e-4d39-483b-bc9f-c72e277b5f94,222.0,24.30148636871688,Overnight,Light,High,Snowy,Bank Transfer,South,23.663133109355957
7d50a741-866f-4ffb-a30f-6b711caf4968,293.0,21.675353324715,Overnight,Light,High,Rainy,PayPal,South,8.913605965210905
77fc5ce7-185a-4e70-8965-dc634e008af1,415.0,20.657705192553774,Standard,Moderate,Medium,Snowy,Credit Card,East,9.693252809125772
ef33e2ef-5678-49c6-b1da-84e6ac4f001a,382.0,26.6879169090114,Standard,Moderate,High,Rainy,Bank Transfer,East,12.65456038494133
78c7944c-693a-48c7-9561-ffd2f3f1bbe6,300.0,11.02326456460447,Standard,Heavy,High,Rainy,Credit Card,South,39.95297679333687
9454d777-aa89-4102-a6b5-09b2b9199aa9,331.0,22.209022301329423,Standard,Light,,Rainy,Bank Transfer,South,27.544536561040236
1f18167c-bf18-4763-a96d-0a36693f08f6,177.0,17.917171969295772,Standard,Light,Medium,Clear,Credit Card,South,16.035958961808692
0d8e73d1-f8d6-4ff8-8f32-cadbe24f918b,380.0,9.842815180304498,Overnight,Moderate,Medium,Rainy,Bank Transfer,North,16.04271149469923
d0678d0f-81cd-48f0-87cd-b3451cfb8be4,45.0,13.33476711195126,Standard,Light,Low,Rainy,PayPal,South,44.80144941830117
acd423ff-ac50-415f-b4bd-9d942079f9fc,240.0,20.54983750538404,Standard,Heavy,Medium,Snowy,Bank Transfer,South,32.55728369296922
6b08f050-2b79-4b82-ae80-f9b8c78e6ba0,23.0,28.48642261855828,Overnight,Moderate,High,Clear,Bank Transfer,North,10.047538994425897
7c1c1d26-b220-4e99-82df-42567bec7f7c,104.0,16.207315098955107,Overnight,Light,Low,Snowy,PayPal,South,26.796237167399504
bedd77c8-eb52-4126-b0d3-0a7f48de919f,,13.825981402968159,Standard,Light,Low,Snowy,Bank Transfer,West,19.581250606254955
9600d9bd-767c-42b8-9231-e3745f5e9b38,123.0,22.497473103141527,Standard,Light,Low,Snowy,Credit Card,East,16.122862486973894
99f82fb6-08e5-4c99-840c-dc5b0d8fe0d9,302.0,18.911280976672902,Standard,Moderate,High,Rainy,Bank Transfer,West,29.741667503484877
884dd339-1f50-45df-b0cc-fc9229783dd1,216.0,2.2721000776583873,Overnight,Light,High,Clear,Credit Card,East,6.396689912012165
1366f73d-f51a-4112-a8ac-3c39ac0a4c0e,251.0,20.392012149543277,,Light,High,Snowy,Credit Card,West,41.773603580214555
485ba2fc-f958-413b-b56f-7acce92cf91f,261.0,19.156084384496214,Express,Light,Low,Rainy,PayPal,South,37.17608020596346
32c562e0-4932-4f65-941b-98b9548d0593,273.0,23.973595972236474,Standard,Light,Medium,Snowy,PayPal,South,34.645984869594145
f542aa06-2755-4e46-b6ca-5a8ca80227c7,465.0,25.883727579003352,Standard,Light,Low,Snowy,Credit Card,West,29.60632676506122
19fe8c0a-6bcb-4505-8f9d-e3227a52b5c3,,14.06606071085318,Express,Moderate,Medium,Rainy,Bank Transfer,East,28.9138125553706
dfd8c634-00b2-4a7d-b4fc-074a6ad7a9de,111.0,3.5807238211620804,Standard,Moderate,Medium,Rainy,Bank Transfer,South,3.48359445762384
f82c8d56-901a-41f6-b2ca-ceee4c9cc1a9,98.0,14.725145884328434,Express,Heavy,Medium,Clear,PayPal,West,18.521027753128966
dce98557-d7ca-4acf-9364-c2bdbae0e7b3,106.0,27.81723383440624,Express,Heavy,Low,Snowy,Credit Card,West,2.473263281142205
1219ae20-80a6-44f9-865f-0a60b5ea5986,447.0,24.056349574256526,Express,Heavy,High,Clear,PayPal,East,14.739942685056366
7dd24479-3d35-4ea0-8b17-ad70ed53cf03,378.0,15.63138862731464,Standard,Heavy,,Rainy,Credit Card,North,4.419390743279764
7688f5d9-f763-41e0-b753-0531d64a8425,121.0,19.86289368343208,Overnight,Moderate,Medium,Snowy,PayPal,North,32.91432647356804
97091397-c5ad-4701-babc-38b3e209f8e0,90.0,13.639782179149787,Overnight,Light,Medium,Snowy,Bank Transfer,East,43.28050799148359
0bfdca97-3c87-4c00-9796-d9e7280f97f0,84.0,4.825874656760422,Standard,Light,High,Clear,Bank Transfer,North,37.10587222533132
08a1e077-5962-48af-84c0-3d45db6c3cbb,407.0,15.797713216570873,Standard,Heavy,Medium,Rainy,PayPal,East,39.28135926991705
4b978b25-c7cf-4bf3-b4ff-87f411db3a46,413.0,0.722496803921765,Standard,Heavy,Medium,Snowy,Bank Transfer,East,19.830622909226637
60c3094b-a3e0-43e2-b630-c2106867380a,262.0,24.38456186567461,Standard,Moderate,Medium,Snowy,PayPal,West,47.352545603023955
c51b77d8-e06f-4e3c-bd3c-13b1a7de99b6,258.0,25.4696028666591,Overnight,Moderate,High,Rainy,Bank Transfer,West,10.809485146495378
e287e840-91e0-4a40-beaa-62d4392454a1,315.0,0.5823230044763952,Standard,Light,Low,Rainy,PayPal,East,32.772626930037106
930e7a1d-1a56-4d21-821b-3d5ed25a9827,468.0,23.427640880435494,Overnight,Light,Low,Clear,PayPal,East,15.517765969121138
d634b8d9-516e-4ef8-9066-4dd2deff8883,472.0,3.0769742192264986,Overnight,Heavy,High,Rainy,Bank Transfer,North,39.72445380699142
ce92679f-8e4f-4911-aaf9-9a5383d25cf6,,19.938486240035946,Overnight,Light,Medium,Rainy,PayPal,West,27.535999485007935
addba876-ef44-44c2-992b-945135e895f9,433.0,5.1783861654016645,Express,Heavy,Medium,Rainy,Credit Card,North,24.05739302874825
30b767dc-4999-4b76-bf89-6ad4906a8392,365.0,6.10972650584169,Overnight,Moderate,Low,Rainy,PayPal,South,6.059065706389106
eebe53ef-7e1e-4081-9784-d7e87247e18e,311.0,4.4792376020495706,Standard,Moderate,Medium,Snowy,PayPal,North,12.776067565334431
b8f85f28-ccec-4440-a31d-7239f96a5cdb,8.0,24.37315354835862,Standard,Heavy,High,Clear,PayPal,West,11.776074492760946
132fe677-0065-4a0a-99a8-7bd6db964226,362.0,10.58371327492666,Overnight,Heavy,Medium,Rainy,PayPal,South,25.993319278440215
0c394f7e-e319-41b8-bb80-0c8f4b41e7bd,403.0,28.49510044906477,Overnight,Heavy,High,Clear,PayPal,South,31.89113603663231
b064485b-d1d9-42a9-afe9-d8dc1d15f575,83.0,17.200072468160453,Standard,Moderate,Medium,Snowy,Credit Card,East,15.281345742928314
5c81818c-11d1-4177-b9f6-e6e36e284bad,406.0,7.945220542715027,Overnight,Heavy,Medium,Rainy,PayPal,North,15.321471348118463
7f6c2bad-c0d3-4d34-9f9f-7bc72b7deac9,398.0,6.510983120816566,Overnight,Light,Low,Snowy,Credit Card,South,25.58481690418109
b177c93e-0592-43cf-92a5-1762232cfbdb,300.0,0.8689682828408795,Standard,Heavy,Low,Rainy,Credit Card,North,14.19937785884053
d85d63e8-6193-4785-8b58-c945038b34fc,,18.807530452817463,Standard,Heavy,High,Clear,Bank Transfer,East,18.900071264577978
cd35ab6c-992f-49fd-9aa2-7871ffa78886,199.0,10.014667766596599,Overnight,Heavy,Medium,Clear,Bank Transfer,South,46.35000389005721
532891f1-6c71-4a56-952f-a68f16a8e77b,54.0,22.583677112564985,Overnight,Light,Low,Rainy,PayPal,East,28.73478273621802
1bf74872-e0ce-4eff-ba0e-30dff04f4745,158.0,24.820381156376683,Standard,Moderate,Medium,Snowy,Bank Transfer,North,36.24264672513424
8f3376c3-8e22-4e05-98ee-8d5cf99cf582,141.0,23.8921623005908,Standard,Light,High,Rainy,Bank Transfer,North,29.795835608712483
1f25a57e-e9a7-4562-bf55-5b7f624cffc0,89.0,7.926881851067077,Standard,Heavy,Medium,Snowy,PayPal,South,22.176419135830734
6ace92cb-e537-4fa0-9e58-6fcddb8afa98,80.0,2.856310615473952,Express,Moderate,Low,Clear,Bank Transfer,South,36.78574507881784
7e921366-c5e0-409f-ada2-56af356f4114,184.0,18.489124116163627,Standard,Heavy,High,Snowy,Bank Transfer,West,26.579706183297002
353974d1-73a0-40d7-ae74-51536f92c573,,29.058168441319957,Express,Light,Medium,Clear,Credit Card,East,33.1865075608475
61fd3003-f2be-4ccf-93e8-79eb37d8c2f1,165.0,6.665042720078905,Express,Moderate,Low,Snowy,Bank Transfer,North,36.98231846854191
d2b8241f-2b66-4f6d-a148-cf2b51369653,,2.8886427102911525,Standard,Light,Medium,Rainy,PayPal,North,5.099362104633191
25ec52aa-666f-4eb1-8819-d15ff475247d,217.0,23.090411582350967,Express,Moderate,Low,Snowy,PayPal,South,29.4523613326705
439682fa-c308-4ec2-b877-6af3781dae0f,,10.522728708638132,Express,Moderate,High,Rainy,Bank Transfer,East,3.182309661249545
7f455ae8-94b0-4779-acea-13c41067470f,,25.385939637991374,Express,Heavy,High,Snowy,Credit Card,South,6.54530602068673
d6fd7a64-b945-41b0-8e4a-9caca5122c21,323.0,6.614849707080584,Express,Heavy,High,Rainy,PayPal,West,6.492375534198932
9e38cac3-b69d-4f1e-8f37-ee896592cd80,170.0,24.742834940974223,Express,Heavy,High,Snowy,PayPal,North,26.34817203477829
b5e2fc28-b5f3-472c-a1d6-25c0d108ce77,254.0,24.186394217661736,Standard,Moderate,High,Snowy,Credit Card,North,1.805950715913995
d6d5c7f8-95de-4114-ac5c-b833de1529e2,56.0,7.949892692789724,Standard,Moderate,Low,Clear,Bank Transfer,East,22.115788855233504
abb523a0-63d5-4682-a3eb-dbb7d29781fe,365.0,22.698922488024973,Express,Heavy,Low,Clear,Credit Card,East,28.438900053067137
d049f4c3-4c4d-4975-8e79-2c54c3dd004f,314.0,16.080069049424033,Overnight,Light,Low,Snowy,Credit Card,North,4.136776090780495
0b4a0261-cd6b-429a-af24-7889e5b7e641,335.0,25.143313358550905,Overnight,Heavy,Medium,Rainy,PayPal,North,16.613281081843922
fcbfb561-8b01-4d1f-ad13-380dc2ec7807,411.0,18.73429760594304,Overnight,Heavy,High,Rainy,Bank Transfer,North,21.387540309756677
76cd69b9-8389-4d6e-b60c-5047d60876ed,414.0,21.27168960090587,Standard,Moderate,High,Rainy,Credit Card,North,25.330386589210715
cba802f1-83fc-4f84-b5d8-b9af62d17e0d,91.0,15.072154122573979,Standard,Light,High,Clear,Bank Transfer,East,15.38090610280527
297f32bb-1304-4e8a-a3b9-14136389ab73,445.0,5.283474929449238,,Light,Medium,Clear,PayPal,North,33.78025036699277
2add4d17-4795-49ec-9405-816fe24b9cc8,242.0,27.480852601665976,Express,Heavy,Medium,Clear,PayPal,North,39.993791489528846
754feea5-1557-43a1-8ede-31a7cb0e1da7,188.0,23.327297389339435,Standard,Light,Medium,Rainy,Credit Card,South,43.581978824869594
65287c8c-7c09-4a29-9903-df5a5fe2c63c,327.0,17.01045865073799,Standard,Heavy,Medium,Snowy,PayPal,South,17.801807069723573
bc4495e7-5800-4e85-a130-6d54bfdc49c1,176.0,10.175345351686431,,Heavy,High,Clear,PayPal,West,36.11887343205475
ffc0ecbb-68d8-4ab6-9bd2-ddf9094dbcc8,161.0,1.920000944848433,Express,Light,Low,Snowy,Credit Card,East,6.716886021640111
b9db787e-cf8e-4cb6-a45f-0a568c16c9da,182.0,7.153439499792662,Express,Heavy,High,Snowy,PayPal,North,4.216564493742844
92b1f9b9-721e-4a8c-8ec3-17d5a065f855,369.0,21.17816690807644,Standard,Light,Low,Clear,Bank Transfer,South,9.263683263909734
4551a2e4-937e-4738-b355-a357b9ecb70d,261.0,9.634386734882632,Overnight,Light,Medium,Clear,PayPal,North,43.023673717038605
5f0ba026-3b0a-4c03-a8c3-e0fe388d41ba,334.0,2.074016272826712,Overnight,Heavy,Medium,Clear,PayPal,North,1.515193746164397
872d6a88-eb58-41cb-9344-c250e716ad51,116.0,29.379539494609897,Overnight,Light,High,Snowy,Bank Transfer,South,9.641274406561186
591b5b47-bcad-49ff-92c4-c42db3d572df,274.0,10.144804525961511,Overnight,Heavy,Medium,Snowy,PayPal,South,13.204150754434378
a699eb50-8990-4696-9df5-ae73f127ae6b,84.0,4.089389944173821,Express,Heavy,Medium,Clear,PayPal,East,9.277274487890754
afdeb11e-b910-40d9-8f57-133dade15d62,136.0,28.72347050999496,Overnight,Moderate,Low,Snowy,Credit Card,West,4.279423595274147
a5e120ed-4af1-433d-a058-9034d251f0a0,324.0,3.4972362014721896,Overnight,Moderate,Low,Snowy,Bank Transfer,East,38.1753533989418
a3304c4d-cc5e-4c03-ab10-af6ccddf991a,303.0,19.99725535667633,Overnight,Light,High,Rainy,Credit Card,North,28.093308782853846
d8ac470a-218e-4890-aa5e-c20aad95cd09,120.0,14.931380087519376,Express,Light,Medium,Clear,Bank Transfer,South,2.1686546752870286
1399ecc2-5ffb-4159-b77c-d8e76b09cc7c,,6.566182784510361,Express,Heavy,High,Clear,Bank Transfer,West,4.977337459698006
4b780924-756d-49f3-9ee1-7b675b2b3f23,57.0,23.348379427413644,Express,Heavy,Medium,Clear,PayPal,West,12.653635993567601
8f18b771-f52c-43ec-948f-cec552118cd2,356.0,4.6877544278058645,Overnight,Light,High,Rainy,Bank Transfer,West,13.269274203373035
c6535dd6-8a63-4533-87d2-d98225140d84,176.0,23.645714844497505,Overnight,Light,High,Rainy,Credit Card,East,36.53654998771584
1a855bfd-fb09-42a2-b858-0098f934d9a2,112.0,19.231997514198316,Overnight,Moderate,Low,Clear,Credit Card,North,47.56438729639689
a76f1c43-bc4c-4b74-8935-0f4b7317e9a7,369.0,7.4515909650545336,Standard,Light,Low,Rainy,PayPal,West,7.634102406904107
35faf38f-6bb0-4edb-895b-82a62b55a4fb,324.0,22.247597656335934,Express,Light,Medium,Rainy,Credit Card,East,39.41582667839622
ff4db767-9e81-498e-9b05-be03dbfc24f1,488.0,23.88230971502722,Standard,Heavy,Low,Clear,Bank Transfer,East,26.00573495618708
96cba917-6584-4a1f-bb1a-66b78d1a930d,385.0,14.6600286934753,,Light,Medium,Snowy,Credit Card,West,25.110448792515395
4b335eb7-7463-41da-8f5c-face686c4741,468.0,14.430480649161069,Standard,Light,Medium,Snowy,PayPal,South,4.27370038152588
901bf286-5b92-4475-a350-e9651241f024,333.0,17.022201974969917,Standard,Light,Low,Snowy,PayPal,South,2.2739073572733735
73138939-be40-467b-b2d7-2b08434ff610,386.0,14.41562339945083,,Heavy,Medium,Clear,Credit Card,South,3.215652569023595
47b6a6aa-8aaa-4b60-b27e-4786513deebd,57.0,14.34979201592429,Express,Heavy,High,Rainy,Bank Transfer,East,30.608547841251028
3ddead28-4473-4d36-a3af-48d174bfc6b1,280.0,3.3211782270979286,Express,Heavy,Medium,Snowy,Bank Transfer,West,26.56078227072569
ff55eb40-6484-4f35-ac57-3fa323de7b6e,,5.565445428669989,Express,Heavy,Low,Rainy,Credit Card,West,41.42221681238096
bfe5b825-7022-4055-b6a0-ffcfda0c9a26,311.0,20.33518495391986,Express,Heavy,Medium,Clear,Credit Card,West,32.30858766534124
37675713-e5b5-4124-ba8a-642fd6e0eb81,485.0,2.9064539310638082,Overnight,Light,High,Clear,PayPal,North,3.1678170782319386
704f2197-355c-455a-b4ec-f9dba2634297,449.0,20.81022870902334,Overnight,Moderate,Low,Rainy,Bank Transfer,East,23.787965747340444
17ed8783-4811-4d88-8e6d-c5d44f1835bb,292.0,7.283723946761685,Overnight,Light,Low,Snowy,Bank Transfer,North,17.03121741498863
d36f8081-6a26-4d1f-b32f-19512968d5e7,202.0,16.329453884203414,Express,Light,High,Clear,Credit Card,North,41.03231730192206
83629d1e-74a0-4f96-8f74-87727c652dc2,314.0,28.827531887479083,Overnight,Moderate,Medium,Clear,Bank Transfer,South,20.39997980556913
e7a046f7-eeb2-4a66-8258-261720feba31,301.0,14.410951430952997,Express,Light,Low,Snowy,Bank Transfer,East,26.56270975267181
5b877317-4b12-4abd-a789-c28e562cbcbe,266.0,28.717575337871406,,Heavy,High,Clear,PayPal,West,47.43048723402366
7ed9519d-5c26-4bb8-b1cc-76a879daf02c,471.0,1.8011258750198267,Overnight,Moderate,Low,Rainy,Bank Transfer,East,18.746253173503884
9d17cd7e-c112-4736-b312-8d9eac782c2a,415.0,19.63384824374604,Standard,Heavy,High,Snowy,Bank Transfer,East,35.583270357375795
2716fdd9-bd94-439e-ae94-be358db9cacd,269.0,3.5422695208781687,Express,Light,Medium,Rainy,PayPal,East,6.7485410971323345
9ce2cf17-1f5f-4266-966d-f0f270469773,198.0,20.644665067851854,Standard,Light,Medium,Rainy,PayPal,East,3.9569856655183235
d5d7f55d-fab1-41a9-9f2a-33b3add08db2,208.0,20.348213932541622,Express,Moderate,Low,Clear,Bank Transfer,South,44.22929306169074
0c446d1f-03b3-4ff3-90fe-fa6d270b4751,137.0,4.832594974934971,Overnight,Moderate,,Rainy,PayPal,North,25.26253775941498
82cbaba9-39a3-4ffd-86db-6f94f4cc2a52,,8.266813141023912,Standard,Heavy,Low,Snowy,Bank Transfer,North,33.42674530013104
fedd7c5a-c442-42b5-98d1-0938570da343,87.0,10.32469569415545,Standard,Light,High,Clear,PayPal,West,8.158254020856148
4fc5f221-dcc8-4af2-8a29-4109f99e92be,47.0,28.94428033793009,Express,Heavy,Medium,Clear,PayPal,North,2.9323557373605715
358106ac-7643-42d7-8712-7c7ef14850a1,488.0,22.255932241569727,Standard,Light,Low,Snowy,PayPal,South,36.50502737722524
bb20e3cc-c9f2-47f3-9206-6a12dc6fd8ae,230.0,2.236516936071012,Express,Moderate,,Snowy,Credit Card,West,29.273977206826356
3e571c9b-2587-4332-931f-4ba764288fd0,,15.133798080087738,Standard,Heavy,High,Rainy,Bank Transfer,South,24.730122264764784
c138c102-bf34-4bcd-b947-12e789b00dd8,83.0,8.631563943830624,Standard,Light,Medium,Clear,PayPal,South,20.74203261316665
bf29c840-8bd6-4227-ad08-0b669bfe16eb,347.0,2.5951473227921005,Standard,Heavy,High,Snowy,PayPal,South,36.580979303523286
9158a7ee-e766-4089-a1ca-d6a3ca3b5b69,,16.495117134495903,Standard,Moderate,Medium,Snowy,Bank Transfer,East,27.673990117743024
4b9f1e7a-4291-4a06-a068-2e18102c6b7d,170.0,21.13529962179988,Standard,Moderate,Low,Clear,PayPal,East,33.821159598286975
e88ea2e2-f090-4c30-97ef-fd8f96ca48bd,219.0,17.900051705407282,Overnight,Light,Low,Rainy,PayPal,East,46.5827512158268
e45fe99d-dd50-4599-ae70-925edd2173ba,378.0,9.830924916640392,Overnight,Light,Medium,Clear,Bank Transfer,South,37.88492798110022
fdb23d20-5cfb-4c00-9cde-284ae0cc7cc5,29.0,18.716874149739592,Overnight,Light,High,Snowy,PayPal,North,16.573708457093677
56b463f5-510a-4870-9794-1156f86b7cf3,269.0,18.81166540914326,Overnight,Moderate,Medium,Snowy,Credit Card,South,5.045913204669489
cd59cdea-e5a3-414e-85fe-4ca6542676bf,,6.035357680538593,Express,Light,Medium,Snowy,Credit Card,East,19.238056107409978
e2cd0ac8-cd31-4a97-a449-006f490b8a36,475.0,20.988884262432304,Overnight,Moderate,Low,Rainy,Bank Transfer,East,20.931304563335758
2e67c390-78ff-4439-a87b-88ea3e2d2161,321.0,24.287562079723543,Express,Moderate,Medium,Snowy,PayPal,East,3.7993058149528425
3e971f5a-f91d-4ddd-9fe3-661175126d28,97.0,12.284580237952323,Express,Light,Medium,Snowy,PayPal,South,29.256327932063595
0f4466bc-2d25-4328-bfdc-5ea582f3d2ec,114.0,22.173923752357716,Overnight,Heavy,Medium,Snowy,Bank Transfer,South,41.13928865269034
3c75f535-40ab-441a-8aa4-ca645186e059,375.0,8.283318857265655,Overnight,Moderate,Low,Clear,Bank Transfer,North,15.11791272691446
03381886-9d2e-4247-a89c-34ce4e258566,158.0,9.007001609021644,Express,Light,Medium,Clear,Credit Card,West,27.97771859686454
5925892c-5de1-491f-a5be-56425d6e7158,306.0,10.253486492549484,Overnight,Moderate,,Snowy,Bank Transfer,South,19.711747379108452
336f1543-93fb-4aa0-a448-2b53ed56a7a0,451.0,8.841380070682693,,Moderate,High,Clear,PayPal,South,33.191947844186245
cff917ea-9a4c-462c-ad1d-0ddee3966b30,483.0,3.409391484843775,Standard,Heavy,,Rainy,Bank Transfer,South,12.477127018082282
98912989-8f9f-440e-8591-b65de76bcde0,282.0,10.116366121634208,Express,Light,,Snowy,Bank Transfer,North,11.89648533475656
32632303-2227-4120-92a4-eede75dd2a6b,120.0,10.03615326835707,Express,Heavy,Medium,Rainy,PayPal,West,36.839556024991296
3b165eea-1180-4c93-bc49-84e56ac98232,224.0,17.4706903264059,Standard,Heavy,,Snowy,Credit Card,South,23.673030121587665
60721b74-a5e4-4d55-8c07-8777dd71f1ac,113.0,13.66478647605412,Overnight,Moderate,High,Snowy,Credit Card,West,3.8293025023815455
a1eb09e3-2d33-4553-9b70-10e5044a312a,47.0,29.10430827596383,Express,Light,Medium,Snowy,PayPal,North,20.17647140811833
1eee6ad6-374f-4111-bc0e-1fcb76302b6f,330.0,27.32229776282447,Overnight,Moderate,High,Clear,PayPal,East,34.944256035386026
37fa006b-fce5-449e-b134-fecb68703415,275.0,1.7790523062395565,Overnight,Light,High,Rainy,Bank Transfer,West,20.653439870495703
55611eba-4f7c-43c0-bb54-b9ca4790d62c,164.0,27.718644033362295,Overnight,Heavy,Low,Clear,Bank Transfer,South,20.621044438948918
1722b565-3daa-4833-8cde-48bebb4fd745,449.0,6.608761069999481,Express,Moderate,Low,Snowy,Credit Card,North,24.569150355946203
610a0d82-9d5c-4d14-b4ed-97c2db959ae6,28.0,5.280982968497725,Standard,Light,Low,Snowy,PayPal,South,24.133175879451667
fcc9e6b9-00d9-4db4-abb0-df8358e2efbf,153.0,15.433595114746975,Express,Moderate,Low,Rainy,Credit Card,North,19.07496911719006
559a7733-a35b-4986-bb67-c2ff5c5acb42,367.0,18.739283038395293,,Moderate,Low,Rainy,PayPal,South,14.738355534998414
d6dca45b-1b12-4655-8985-5906bbd57c6d,424.0,25.130800149897468,Overnight,Heavy,Medium,Clear,Credit Card,North,34.12921041836146
886e0488-9d0f-4c72-8bc4-1fdf830d2bc1,428.0,28.391775299620274,Overnight,Heavy,Low,Rainy,Bank Transfer,East,32.689684410165626
67b591c2-6e21-48f6-9e77-a3624eb63e87,465.0,9.13924120551745,Express,Heavy,Low,Clear,PayPal,East,8.415664267892085
01a06d7b-02bd-4a24-abfb-ebefb33acf37,48.0,20.612086946395863,,Heavy,High,Snowy,PayPal,East,35.89489004682085
fc89d444-1eb6-4ce9-951f-d3bdd48a7e2b,326.0,15.012209879766091,Overnight,Light,High,Clear,Credit Card,South,16.947801578590358
74fc4e2b-5cab-44b0-8d85-52f8286389bf,408.0,20.155159664915445,Standard,Moderate,Medium,Snowy,Credit Card,North,22.80753131003786
6e07e560-bd2e-4f8f-9db6-fb554bbb9359,122.0,0.8632878039019304,Overnight,Heavy,High,Rainy,PayPal,North,25.255207699330832
9d253ac7-64ae-43c0-993f-e31610c5ceda,89.0,17.707497460829618,Overnight,Moderate,Medium,Rainy,PayPal,North,32.83720428545416
4258ff85-82aa-4e98-85e3-94e1fb122ccf,430.0,11.885950228206465,Standard,Moderate,,Snowy,Credit Card,East,3.9935442297254755
4791a715-7420-4198-8364-588f9a437306,396.0,20.109548374131865,Overnight,Light,Medium,Clear,Credit Card,East,47.466387966207805
9154dc4c-2659-4a7e-ba54-75f6fa13f980,433.0,17.38109863627385,,Heavy,Medium,Clear,PayPal,South,24.382293638495334
1e19b52c-c7bb-4cbf-b8b2-0d3bb194ed24,202.0,3.755540570748991,Standard,Moderate,Low,Clear,Credit Card,North,18.005206542913246
5ff3b813-66e5-45d3-8265-3a8be36e40e9,443.0,21.829910132410294,Express,Heavy,Low,Rainy,PayPal,East,18.482684254007296
ae3426f2-1f62-490e-b4b4-2c00aa2c7906,153.0,28.84703422952245,Express,Light,Medium,Clear,Bank Transfer,East,30.336991270354027
bd2de8c5-9a06-4f6e-a8a9-2a5241c98767,224.0,14.97640054044954,Overnight,Moderate,Low,Snowy,Bank Transfer,North,4.935879518453244
ce146b06-d66f-4f06-b6ee-7d3a567dd4a1,197.0,27.991634023666084,Overnight,Heavy,High,Clear,Credit Card,East,5.151823560117017
9b25877e-0838-4b6b-a2d8-ecdec799e209,471.0,11.812757591592186,Overnight,Heavy,,Snowy,Credit Card,South,42.29214879460228
b70c29ef-ff4f-4a62-9f73-693e65335339,311.0,22.884405123370527,,Heavy,High,Rainy,PayPal,West,22.602197941880256
004cd453-082b-4f79-959f-2113c58c6953,244.0,21.71101001575336,Standard,Heavy,Low,Rainy,Credit Card,West,26.76498033277364
aaa85093-69ed-4aa1-a73c-50a96a38197e,18.0,11.558035641773424,Standard,Moderate,Low,Snowy,Credit Card,North,37.786823924548216
71217a38-efb1-4517-afab-574a472bc4da,273.0,23.564840146507244,Express,Moderate,,Rainy,PayPal,East,28.586549608427635
007034f6-2730-44f6-bb88-71a30a863ad5,5.0,21.126421493421166,Overnight,Moderate,High,Rainy,Credit Card,North,32.94927950742868
c9df6b8c-c20e-480c-8c13-bae136f689e7,372.0,3.0120412860875736,Standard,Moderate,,Rainy,PayPal,West,19.98807661393714
b4d3e0b2-e712-4527-80c2-3fcb60feb29e,,3.3800185652123758,Overnight,Moderate,High,Clear,Credit Card,West,3.4736945015478966
84f75306-aa25-4924-a1bc-e64057e48d70,8.0,29.8220644510224,Standard,Heavy,Low,Rainy,Credit Card,North,4.477071739984748
67ad5e3d-df94-4346-8bf4-74c35649c266,131.0,19.035504324890827,Express,Moderate,High,Clear,Bank Transfer,East,26.323515881138967
06e82970-8312-43bc-8462-ecdc6b0bead9,361.0,2.6859727501523727,Overnight,Heavy,High,Snowy,PayPal,West,38.81442274970391
2dbaf491-9167-49c6-805c-ff36148ff1ae,318.0,7.217191887100684,Express,Moderate,Low,Rainy,Bank Transfer,North,45.46785036655989
b74c8466-19dc-4872-b97d-cf3bc89b75d1,295.0,12.388986255901166,Express,Light,Medium,Rainy,Credit Card,East,17.65073575560737
fd58a891-3c72-4459-8c79-9052dfc87c11,329.0,16.014728924870113,Standard,Heavy,High,Rainy,Credit Card,West,35.57383829646334
44943b5a-7899-4998-a60f-9094f73b15c2,79.0,23.72579991290138,Overnight,Heavy,High,Rainy,Bank Transfer,South,31.6568999748911
689d43e5-644a-4de7-bfdc-a37afc414cac,285.0,11.779108089408215,Express,Light,Medium,Clear,Bank Transfer,East,16.243778497788792
f1a7eb87-c9fd-4353-bc26-077fc9985d97,196.0,16.790281912664803,Standard,Light,Low,Snowy,PayPal,East,43.69218081024857
5784e2c1-e2eb-4616-afbe-1dd12b6bc802,160.0,8.588980174525807,Overnight,Heavy,Low,Clear,PayPal,West,45.35163601170622
52791f48-dd09-4567-aaa4-7796e6833fdd,184.0,25.433701088198546,Standard,Heavy,High,Clear,PayPal,West,36.8420055648981
58bb9b2e-94ae-4811-8265-6a6cec1f7d21,313.0,10.827080764630928,Overnight,Moderate,Low,Clear,Credit Card,North,14.886156635299786
dc8643d3-de1e-45cc-95ef-e7bc33548bde,30.0,21.31410467048158,Standard,Moderate,High,Rainy,Credit Card,West,18.447257594753015
67c2fb02-6c07-49e7-b7cc-7a6635c84d6a,190.0,25.802087029655787,Standard,Light,High,Rainy,PayPal,West,20.24900718410399
0cc8cfe3-0535-4751-8350-26df80223dc4,322.0,5.4133766910563565,Standard,Light,Low,Clear,Credit Card,South,16.07285126559693
4e38ab37-415e-46ae-8a77-1a74533e71e2,333.0,11.978858561052405,Overnight,Heavy,High,Snowy,PayPal,South,12.581670916921816
2d88ae49-66af-474a-a7f8-3bce7f5aef9f,363.0,14.060921798750616,Overnight,Moderate,Medium,Rainy,PayPal,West,34.89154141282558
b33504c8-0542-45e9-a473-91d16705f033,115.0,1.723693650627427,Standard,Light,Low,Snowy,PayPal,East,11.786254381661362
b5cc55cf-c67f-4f93-b4b2-a80168c3d110,375.0,19.589191269386145,Overnight,Heavy,High,Clear,PayPal,West,6.413585566007272
49ad6b1f-7bd9-4f2c-8df1-8a5fdea9ad14,7.0,17.85788109824904,Overnight,Heavy,Low,Clear,Bank Transfer,East,42.06982449379389
67e26e34-f27c-419c-aca7-c71649ee473c,440.0,22.74358555313287,Express,Heavy,High,Snowy,PayPal,North,47.8848161907022
646bdb1e-bb04-4e1d-a8eb-79a5cb977062,441.0,22.758487991021834,Overnight,Moderate,Low,Rainy,Bank Transfer,South,36.128246613412486
f50b7158-159e-4d14-b511-f70b95beba42,26.0,14.501640859668184,Standard,Heavy,Low,Rainy,PayPal,South,25.615907291163648
3f25e9fb-bad8-4986-bb28-3c7889ea3d0b,482.0,12.973231268064964,Express,Light,Low,Rainy,PayPal,North,23.400802090596386
aee02608-7016-4d9f-b80f-ccaf0dc5ec5e,425.0,7.963877172181099,Express,Moderate,Medium,Rainy,Bank Transfer,South,21.278487250196047
3c38a662-9ab0-4d44-a002-bf8aa442e60c,449.0,8.0885082155587,Standard,Heavy,Medium,Clear,Bank Transfer,West,15.320255442611682
89c57b46-b42a-4211-8ebb-4595aaf4137c,460.0,5.014577407182158,Express,Heavy,High,Snowy,PayPal,North,25.430989727417195
8cd881d6-515a-4d93-80ad-39d72c4c0ff0,360.0,2.73530501447148,Standard,Heavy,High,Rainy,Credit Card,East,7.257586097363209
a1b739d0-e516-49b3-aaab-bfd930cdee87,250.0,22.820328247400592,Express,Moderate,Medium,Rainy,Credit Card,South,8.696110596090044
f1d7798d-4f22-45e2-875c-54e842c1ac5e,46.0,28.89249092123846,Standard,Heavy,High,Clear,Credit Card,South,8.426727052073506
08a8fcc4-abc5-413f-9051-5c9850f65ffe,397.0,26.798021219905998,Standard,Light,High,Clear,Credit Card,South,9.874700842601285
15f676dd-ea1e-4f97-8be8-703d24725ea6,256.0,7.161055118215657,Overnight,Light,Medium,Snowy,PayPal,West,13.972635686496815
d03e2439-7b53-44bd-9f51-acb22c9a1aa4,146.0,22.720850959612903,Standard,Heavy,Low,Rainy,Credit Card,South,23.795720930620007
0f8cb723-3067-4b14-bd0c-53a8c238f183,,4.2359277886507005,Overnight,Heavy,Medium,Rainy,Bank Transfer,West,34.01718939591713
48aeec0b-8212-4a51-bab0-7642f90aeac2,344.0,26.79634301649083,Standard,Moderate,Medium,Clear,PayPal,North,12.150146468646764
dd4c9025-844c-4002-8cc6-d07f201a0b78,102.0,29.853003038601603,Overnight,Heavy,Low,Snowy,Bank Transfer,South,20.265389827946812
d6baaa17-fcd8-463d-be9b-2af7b67bdb73,393.0,29.83474097226768,,Moderate,Medium,Snowy,PayPal,West,18.824932654918797
584d4db0-9041-46de-a5f6-5465faa0a8f7,43.0,10.292385245679444,Express,Light,Medium,Rainy,PayPal,South,32.48540844148979
deca8747-6f5d-4145-82ba-f97de557fb3b,152.0,23.64022868292612,Overnight,Heavy,High,Clear,Bank Transfer,West,7.322778322443407
524a70c2-71a9-4c57-93e4-b51e97a33566,213.0,21.09884813002075,Overnight,Moderate,Low,Snowy,Bank Transfer,South,10.918549921062262
fbcdaac3-cb25-4c6a-8e36-76d6c0f5ff7b,315.0,10.652171845647265,Express,Moderate,High,Snowy,PayPal,West,17.83920377102539
2fe80e36-bb67-462c-85e8-3a54a65cc6e5,352.0,12.443328201928697,Standard,Moderate,Low,Rainy,PayPal,East,38.61998229386634
5d4266a7-4b43-4dc0-a96f-47e315283e86,399.0,14.63224959908355,Standard,Moderate,Medium,Snowy,PayPal,East,39.01467503571642
82bc9aca-bc1f-4f78-bd66-6640adc4a5c9,143.0,21.120622832091367,Overnight,Light,,Clear,Credit Card,East,6.335422969229349
0ab4cec3-62d0-4ff8-8ca9-01c9eee6a848,298.0,25.03164642752992,Overnight,Light,Medium,Snowy,PayPal,North,2.994622353427024
93d304a6-955c-4bd9-92a0-bc713fbc3fd1,421.0,26.976214513029863,Overnight,Light,High,Snowy,Credit Card,East,42.81454685156713
890f6941-53e2-4057-9347-aae7903e6c82,49.0,26.249922482342264,,Light,Medium,Snowy,Credit Card,North,19.417564975946142
feaf73ab-7606-4be1-8d4e-d5da632f141e,165.0,29.23795280566037,Standard,Heavy,High,Snowy,Credit Card,North,11.21221418003235
1152bdee-47b5-46a2-afb0-beb709cb0d11,112.0,4.0850704785707315,Overnight,Moderate,,Snowy,PayPal,North,7.0029532028131705
aaf3fd41-8f32-4bff-9617-1ad4cda77c64,49.0,24.698314174542745,Overnight,Light,Medium,Clear,Bank Transfer,South,27.608975131006538
dfda7c22-1b9f-42f0-bd9f-7733a01f2092,,16.59277290547827,Overnight,Moderate,Medium,Rainy,Bank Transfer,West,34.805045678942655
91abbc61-6002-4790-b4c3-7c07d9f4e9be,433.0,20.79859090296991,Express,Light,Medium,Snowy,PayPal,North,18.055018492653492
925be864-a5c2-4732-b2c3-22100140b177,431.0,20.82686283157392,Express,Heavy,High,Snowy,Credit Card,West,15.719328997615117
64a2ca8e-db43-468a-9862-bfffad4b3ab6,434.0,4.54876521328103,Overnight,Heavy,Low,Rainy,PayPal,North,44.77822178265701
b91e7190-269a-48fe-aeac-5edab6042c4c,441.0,24.45806623354556,Express,Moderate,Medium,Rainy,Bank Transfer,East,35.63982757381319
dfb528aa-5957-46cb-a06a-e0d577c6759b,25.0,29.622762779655115,Express,Heavy,Low,Rainy,Bank Transfer,East,28.37652110402683
3370b83a-5739-4605-aa42-1c996d75f546,314.0,17.12076842359878,Standard,Moderate,Low,Rainy,PayPal,South,16.250778285410654
b6d8eb79-7880-47d1-ad6d-c67ab64c40ce,409.0,5.608471751320207,Standard,Heavy,High,Snowy,PayPal,West,27.407117878161195
2ce4cde7-6b19-48c8-8d55-9a8ce6932592,38.0,0.6589888537903895,Express,Heavy,Medium,Rainy,Bank Transfer,West,3.4565471402634387
8c0e6d8d-e163-4729-9627-ffd1325fc0fd,,16.716531001604572,Overnight,Moderate,Low,Clear,Credit Card,North,33.12215945996455
9423c56a-d46e-4f85-b45b-8d0eaa7963f6,37.0,3.190466799345166,Overnight,Moderate,Low,Rainy,Bank Transfer,East,24.510598133320624
62bb92dc-ec4b-4467-be38-1aa826128dae,410.0,13.155742478329847,Overnight,Heavy,Low,Clear,PayPal,East,12.391861649627645
d6007748-5ec6-49c4-9459-3de3fbe828b1,498.0,17.53682459070307,Standard,Light,High,Clear,Bank Transfer,South,24.513704863115358
ebc3731f-5cf9-4875-9cb9-b7d7cb1c33a4,419.0,18.101898032354775,Standard,Light,High,Snowy,Bank Transfer,West,6.583964715108739
445b47d8-dd42-4f18-83b5-11d1de9af7ba,,6.1690717287454495,,Moderate,Medium,Clear,Credit Card,East,44.58883646420042
6f90330a-e807-4fef-957d-cef98229cf61,352.0,16.375761421652452,Overnight,Moderate,Low,Rainy,Credit Card,North,16.463294576631228
acdd3edc-be45-4d28-b1d8-9e63a30e5ff3,42.0,22.462163265041145,Overnight,Moderate,Low,Rainy,PayPal,East,34.68431796542298
0bb75d36-b819-4d8b-9492-f8db41b1a686,339.0,4.10942062937058,Express,Heavy,High,Clear,Bank Transfer,South,44.94400427106456
adaca082-2fe6-42cd-b010-636afb62e782,,17.331928058350027,Standard,Heavy,Low,Snowy,Credit Card,East,46.428767433713254
fe626da0-4b47-41b8-9644-6c00116b62ee,84.0,2.5713975002203164,Standard,Moderate,High,Snowy,Credit Card,West,45.59516006523247
dee90041-8139-441d-a479-a5a499d2385a,129.0,1.554490522338419,Standard,Light,High,Clear,Credit Card,East,31.155572151107407
9b45e1cd-4202-42b6-9714-c8a08198ede3,,5.838819172140578,Standard,Heavy,Low,Rainy,Credit Card,West,36.24486877543221
b59b03b8-b733-4bb9-8a21-8f823e392d2d,412.0,27.542225630282353,Standard,Moderate,Medium,Snowy,Credit Card,South,42.742356259105215
e0250c35-26e3-4fab-b18d-281047c9e7ba,242.0,18.642776006767626,Standard,Heavy,,Snowy,Bank Transfer,East,30.199254749846542
152973c6-3413-4912-bade-61d0fbab4ac6,132.0,20.30440319137825,,Light,High,Snowy,PayPal,East,13.92226472958945
41c9f0e1-bf22-4866-96d8-7f8598b9b37b,430.0,10.63880750578414,,Moderate,High,Rainy,Credit Card,West,9.849132700695733
dacbb4af-b4fa-4eb7-bea5-bddb35ee41dd,178.0,2.1484121883881633,Overnight,Heavy,Medium,Clear,Credit Card,South,8.308528911180101
c77f45b0-95f0-4cb9-9b29-76c1778c280d,445.0,10.326598347579539,Express,Moderate,,Clear,Credit Card,South,13.113260062411682
fd66618d-666f-4c21-9656-097cc1ba5026,,19.505471780757187,Standard,Light,Medium,Snowy,Bank Transfer,West,39.599219670916085
d072a322-0bbe-41df-b829-8a1c77374307,337.0,14.766893615702703,Express,Moderate,Medium,Rainy,PayPal,South,23.458731867487494
dc0970e8-3137-4e90-963b-ec2b962393a7,230.0,28.686045699749247,Standard,Moderate,High,Snowy,Bank Transfer,West,17.61182081076208
ebd87fb1-bec8-4841-9d61-a0c861d95d01,65.0,3.5722533233060045,Overnight,Moderate,Low,Rainy,PayPal,West,21.144690957207885
3d3da09b-cfd7-4477-ac1e-c3811dac055b,229.0,20.80305297907761,,Heavy,Low,Rainy,Credit Card,West,14.720758884834893
0f2946a7-730b-4d59-87ea-ca85c1dabf02,449.0,8.391264665993205,Express,Moderate,Low,Rainy,PayPal,East,18.579058561660705
2ecb1231-a6db-41dd-ae58-425cabdb497a,331.0,5.896540916008827,Standard,Moderate,High,Snowy,PayPal,South,9.926691941587423
226296e8-caf2-4b74-ab15-54f567fc4e6b,133.0,25.380341831132476,Express,Moderate,Low,Clear,Bank Transfer,North,42.25290617655542
d03f2728-b013-4218-b973-d374fca86911,490.0,14.151106341771355,Express,Light,,Snowy,Bank Transfer,West,47.628135389485145
d67befea-d455-41d1-b657-8fcd013dce1d,16.0,3.7555154579894614,Standard,Light,Medium,Rainy,Credit Card,West,10.450369289878443
2dbb2336-9e69-4e75-8430-8930fe7b9b10,202.0,27.642443757156453,Overnight,Moderate,High,Snowy,PayPal,South,25.915897821897772
fa239c28-6687-43a5-9664-478ca439e397,225.0,27.098548924079086,Standard,Light,Low,Clear,Credit Card,South,10.196587569533493
23ac47b8-ce3d-4dd3-aa75-3ac1329c69e1,313.0,20.504312572809255,Overnight,Heavy,Medium,Rainy,PayPal,North,28.804487438122738
f50b5764-9fc3-400d-8c5f-7efb4cd57ff6,92.0,25.30643957964879,Express,Moderate,Medium,Rainy,Credit Card,West,45.87684987469623
74b2f6f0-d272-4ce4-ab67-dc3c980f1ecc,,1.2186631354999995,Standard,Moderate,Medium,Snowy,PayPal,North,20.748465756493168
a819deba-68b7-4d0a-b854-74cf758db2c6,,23.552188308522098,Express,Moderate,Medium,Rainy,Credit Card,South,16.550302394745778
c9b386c2-4a81-445e-8a22-3e843f68a9f7,456.0,11.237710985974964,,Moderate,High,Rainy,Credit Card,West,5.060371532791448
12d567cb-95bb-431c-8073-58c1ea3b90f4,127.0,26.5757016690677,Standard,Light,Low,Clear,Bank Transfer,North,43.383659602903045
48f4f372-dd4e-4707-89c5-cfc67b5b38a0,395.0,27.459906984421348,Standard,Light,Low,Rainy,Credit Card,North,23.23731023631608
71826477-4605-484e-bb1a-25bebe5dac4a,272.0,21.193900528386198,Express,Light,,Rainy,Bank Transfer,South,19.975170976561337
baf23fc9-bf0e-4ee7-949e-1e7b8484f30e,215.0,18.334495415691283,Standard,Heavy,High,Clear,Bank Transfer,South,22.10029033640613
79642a7b-bfb1-4afd-b706-01fb26083e67,202.0,6.97021980077699,Overnight,Light,High,Rainy,PayPal,South,16.21343448008239
f9310719-d480-4d8e-87b0-d7dd04048ed8,387.0,17.324900124638557,Standard,Light,High,Rainy,Credit Card,North,3.1881137394537964
065b4b72-19c9-4752-a0dd-e692a12b3850,45.0,4.413749935124441,Standard,Moderate,Medium,Rainy,Bank Transfer,South,44.137658527647204
bcd3affa-067e-486b-85c6-a5ff9863d053,60.0,5.204056778967908,Overnight,Heavy,Medium,Clear,Credit Card,East,11.502631290392285
5d5e23f8-474c-4cdd-93fd-ecb941c28754,359.0,16.873981105619,Standard,Heavy,Low,Snowy,Bank Transfer,South,17.860324459019456
8d1d9356-9117-4599-af23-bd00a035adac,208.0,17.758235680979407,Standard,Moderate,Medium,Clear,PayPal,North,33.05747567006856
1696c8a6-9bad-4916-bf8f-bd7d7d5364c7,300.0,13.548743600157138,Overnight,Heavy,High,Snowy,Credit Card,North,43.93333322580846
b8746d38-f8a1-40bc-b95f-036e5157ca3e,451.0,7.89243589034589,Overnight,Light,High,Rainy,PayPal,East,19.72186932989886
b2ffec87-393d-4d5e-9291-85dc596a9f26,155.0,8.649900269104764,Overnight,Heavy,Medium,Rainy,Credit Card,South,30.67689439434622
5a5acbcc-a2fb-4093-a888-bdadd9acc0eb,331.0,28.628196828757247,Standard,Light,High,Snowy,Credit Card,North,35.71181195290704
14229dfe-ad15-489b-b816-3f97aa6522a0,135.0,4.369888902492336,Express,Moderate,Low,Snowy,Credit Card,West,15.41417794301683
65b91cd0-a096-4c94-92e6-e439eb23c183,257.0,13.638227510051976,Overnight,Light,Low,Snowy,Bank Transfer,North,10.09782546821465
79a2d9f7-1c24-4d23-8edb-ef8a12086544,191.0,6.251104146768503,Express,Moderate,Medium,Snowy,PayPal,East,17.98595864806721
466ddeb6-77b3-43a6-bbcb-8aefd4c21985,95.0,2.2478229154173226,Overnight,Light,High,Rainy,Credit Card,North,46.60243575976288
4d164679-f6d6-4cec-a35c-a3184e9c1053,169.0,13.185504421506684,Standard,Heavy,High,Rainy,PayPal,North,38.919066144934504
d0ec5e11-1773-48e5-b818-7b87af486f93,484.0,28.468665287689873,Standard,Light,Low,Clear,Bank Transfer,East,19.03090846654223
cd042d9c-7fe4-4c33-9bf0-02ea3b8b0754,308.0,8.5569534415518,Overnight,Light,Low,Rainy,PayPal,South,1.4828566332046376
cf066968-ff0f-4820-8d55-4fa2c5d43150,208.0,26.077572037869746,,Heavy,High,Clear,Bank Transfer,West,35.70940950607295
9e3ef09f-d482-43b0-995a-5f72f70ff30d,136.0,15.243591653725131,Overnight,Heavy,Medium,Clear,PayPal,South,28.856798109666887
23966204-e225-4f7e-b559-808cf60c29c5,186.0,27.131922686243325,Overnight,Moderate,Low,Clear,Credit Card,West,46.93864584610379
cbc21047-d766-4552-af3a-3d6d92f39b45,19.0,27.5796323840998,Standard,Moderate,Medium,Clear,Credit Card,North,11.565671114989383
60eed3e0-2b37-48fd-af9e-8f18e9d2d018,110.0,19.872781826059626,Standard,Light,High,Snowy,Credit Card,West,19.195547861621378
c8c8e4d0-b38c-4920-9754-fc407c885ee5,140.0,19.302856850935946,Express,Light,High,Clear,Credit Card,East,1.1243808341342665
15baad26-584d-4a63-9306-5cdfe41e7a9a,21.0,5.190026820651401,Standard,Light,Low,Rainy,Bank Transfer,East,19.643608398822746
24877e9e-99fb-4f68-8c29-bfecdc3672a3,18.0,4.558501814132745,Express,Heavy,High,Snowy,PayPal,North,30.33706665673554
d01aeeed-4871-4c02-a277-c1df2836c8ae,244.0,4.93011714424533,Overnight,Heavy,Medium,Clear,PayPal,West,27.2669486774741
47d6954c-3dcf-4e25-9a3c-64134830804f,403.0,25.657507023126545,Standard,Light,Medium,Rainy,PayPal,North,35.99570833855187
2985d2e2-c030-41be-977e-8aa51900ea5b,231.0,24.390347992520663,Standard,Moderate,Low,Snowy,PayPal,North,15.653297588487408
d867b79e-61b4-47ae-aeea-3a26aba6a01c,486.0,24.70767292628749,Express,Heavy,Low,Snowy,Bank Transfer,East,45.66122046751664
1b89d280-4d5d-455d-8bd4-726648c182d1,192.0,1.027298566010824,Express,Light,Low,Snowy,Credit Card,North,43.24413349804126
5063df53-0731-40bb-9f78-e90355594960,137.0,18.585737758349165,Standard,Heavy,High,Rainy,Credit Card,East,9.346033120752526
5e31188a-ea1b-42bf-a55a-844d67a3fba5,344.0,14.295949441210341,Express,Light,Medium,Rainy,Bank Transfer,East,13.558656155315461
55770d44-d1fe-43d0-b3bd-1918619e9893,289.0,27.95355130347788,Standard,Moderate,High,Clear,Credit Card,West,33.230481137019304
28bd56c1-44b6-4048-bc3f-fca9a25986d6,461.0,11.599458896736566,Express,Light,Low,Rainy,Credit Card,South,6.331970087212093
418aaed0-6987-4abc-90eb-0e6b4e04d6e4,404.0,27.91366618557594,Express,Light,Medium,Rainy,Credit Card,South,47.09855229587325
bbb36318-f3d6-454d-8385-d51b2248426f,298.0,9.65364410612098,Express,Light,High,Snowy,Bank Transfer,South,25.060573335487987
aff030f2-42f0-4c21-8ccc-0e456f0f83e2,162.0,18.192184702457734,Overnight,Light,Medium,Snowy,PayPal,South,10.529735771583958
1a44ede4-a1d2-4630-94f9-2fe5e6fdb71d,364.0,22.480138279123004,Overnight,Light,Medium,Rainy,Bank Transfer,North,17.64443875927309
b2c1e4dc-fffd-41d6-9609-bf5b92cd199a,314.0,14.872413208128808,Express,Moderate,,Rainy,PayPal,North,14.5415419159484
0e94fc20-e2de-4f89-9769-ee02d0933ce1,385.0,21.69010487973408,,Light,High,Clear,Bank Transfer,West,15.530836057269902
011473bd-40dc-40a4-94dd-a249c4b2a20f,263.0,27.942017254131816,Express,Heavy,Medium,Clear,Bank Transfer,West,31.648939741639058
92178842-b9fc-4d12-9337-ab863c00b7ba,369.0,1.1658973947428646,Overnight,Moderate,High,Clear,Bank Transfer,North,22.576913827579297
6a44ef87-5f07-497a-8bd5-f8d62bbd6a8e,451.0,23.994949031588686,Express,Light,Medium,Clear,PayPal,North,28.771685304287015
23d59b67-dd71-4429-a4fe-c903c2e2d6b0,484.0,2.163832595360813,Express,Moderate,High,Snowy,PayPal,East,11.026746528355535
385cf0dc-fefc-4804-b658-b1625f6053f2,111.0,11.66518024549318,Overnight,Heavy,High,Rainy,PayPal,West,6.673975813623454
8b5ceedf-df49-4391-aa75-88ec05232299,231.0,2.47319820108979,Overnight,Heavy,,Snowy,Credit Card,South,36.37934998873082
f6e859e9-97f6-46da-a8b8-d4634ee4271a,321.0,0.6440151159575449,Standard,Moderate,High,Rainy,Bank Transfer,West,31.525604813403476
c5482c42-3863-4bb6-a8d0-d04e6334dee4,408.0,8.044724897457623,Overnight,Heavy,Medium,Rainy,Bank Transfer,North,47.0511724240594
4048cce6-3843-488b-a0a5-667b3c25fa1c,329.0,13.528832361337312,Express,Moderate,Low,Clear,PayPal,North,47.847793662260074
f3199c73-c1dc-474a-bce4-1d362e94f934,309.0,28.546934225251768,Express,Light,Medium,Rainy,PayPal,East,30.706499225585794
f9c26484-ef3d-4b05-a2fe-c316a7ab8db7,473.0,26.13250685868147,Standard,Heavy,Low,Snowy,Bank Transfer,West,9.345714910738957
4edf1d2b-df98-4c33-875c-bc895b16db25,205.0,28.585107717066887,Standard,Moderate,Low,Clear,Bank Transfer,South,4.035714960574349
3f120b36-40e9-45c8-a23b-aa9d9170a82a,211.0,16.739706133200357,Express,Light,Medium,Clear,Bank Transfer,West,12.713302077777653
4208e287-fa51-42d2-80b2-88aabe04e90c,197.0,25.270853110177896,Express,Moderate,High,Snowy,Credit Card,South,8.308923116608126
c55d316e-89bc-41d5-823f-e78f650b8b15,278.0,23.092497700774523,Standard,Moderate,High,Rainy,Bank Transfer,North,45.87651170924133
38718123-ec93-430e-8a56-3b94d40f4680,35.0,20.726135914752156,Overnight,Light,Medium,Snowy,Credit Card,East,15.254972910864186
8af0595d-ebc7-498e-bde2-45a4fe1147e5,302.0,6.852151629599702,Standard,Heavy,,Clear,PayPal,East,2.244626198820319
d72d2ce8-b5d3-4c8b-9c82-7aa7b6b35f41,310.0,7.32981119475127,Standard,Light,Low,Snowy,PayPal,East,43.69977067415556
35dd14e9-dd15-4d32-a22a-72b5f2803947,236.0,4.69657198656831,Express,Light,,Snowy,Credit Card,North,7.717065890454303
5eb51ae0-79c2-4538-abf4-ee61a5f82570,427.0,11.549301082383302,Standard,Heavy,Medium,Snowy,Credit Card,East,21.467770935212517
8f724ac3-b44e-4aab-ad2a-e1b1f75563c2,69.0,26.91330940183471,Standard,Light,,Rainy,Bank Transfer,West,40.26748721331743
72a3e438-28f7-4708-bd3e-f94a1ce59384,361.0,0.7465256495466857,Standard,Moderate,High,Rainy,Bank Transfer,East,35.034020012165726
76da266a-216f-4720-981a-a6714ca9e00d,150.0,13.046735548137145,Standard,Moderate,Low,Snowy,Bank Transfer,South,26.887681135576
905a2ea3-f58b-489e-b013-e0ef427f2b4a,305.0,2.3164458559769128,Standard,Light,Low,Snowy,Bank Transfer,North,31.329857916952545
640f2e8e-e050-4750-a6a6-9d4ee1ba6251,319.0,21.608534324466035,,Light,Low,Clear,Bank Transfer,West,36.3225447351627
959d068b-987a-4118-8765-fe17d8da63bc,431.0,0.8608343907773284,Overnight,Light,High,Clear,Bank Transfer,West,4.698691546185755
2e2e6885-08a8-4ce0-a78a-a2d01992bf74,190.0,1.480925018818223,Overnight,Heavy,High,Snowy,Bank Transfer,South,4.511432011617874
48fd43e7-eafe-476b-bd3f-f18ade0b454f,130.0,14.262768956277458,Express,Moderate,High,Snowy,Credit Card,South,18.579444114458557
3bd24c77-d4d1-4343-bfb0-140925eb49c0,30.0,8.283149249369062,Standard,Light,Low,Snowy,Bank Transfer,East,32.436673682940544
35add09b-ea92-4e8b-975c-5b514f6af20c,422.0,17.164728982321392,Standard,Light,Low,Rainy,PayPal,West,11.60948087737946
b43e511d-6548-4b86-b6ee-264b4787263f,396.0,14.527573707663668,Overnight,Light,High,Rainy,PayPal,South,20.67230888339794
40c1daee-d264-438d-a479-e649dda48763,189.0,29.61028797639384,Overnight,Moderate,High,Rainy,PayPal,North,34.47396625787861
058e40b1-d161-4b27-8dc7-3c3d1a89ff17,47.0,9.933930337014015,Overnight,Moderate,Low,Snowy,Bank Transfer,South,44.5498133782879
56109dd8-c82f-43ca-a6ae-20182697cde2,183.0,5.3613732409481605,Express,Light,High,Rainy,PayPal,West,24.816729273750767
20d46b6b-9e87-484a-8a9d-5e1111e785a8,,6.711074864759784,Standard,Moderate,Medium,Clear,Bank Transfer,South,30.191446931528702
c907c6d8-a760-4adf-bc26-df9f7825a1b2,174.0,9.783944796711486,Standard,Moderate,High,Rainy,Bank Transfer,South,23.85580322517716
5fc5f36b-09c0-4c62-bc95-14bf1844dad3,426.0,3.167268655953003,Standard,Moderate,Medium,Clear,PayPal,North,40.42578723402543
0de84995-8f92-4bb5-aa95-b9266c8ed65f,5.0,6.760886154046484,Standard,Light,Medium,Rainy,PayPal,West,32.77513449742328
d5ec526a-aaf5-442d-8e07-b1965c818299,421.0,12.639526406214427,,Moderate,Medium,Clear,PayPal,South,46.54935248285208
23eaedd6-5c0c-4625-a1ad-cd51f5bf001d,300.0,21.19266312648613,Express,Light,Low,Snowy,Credit Card,North,20.50125663808402
0f200d78-535c-4306-91a2-62c90279b010,234.0,13.476126484194504,Overnight,Moderate,Low,Rainy,Bank Transfer,South,2.218883792669698
dca8d707-a856-423b-bfa3-6ffa843898f7,389.0,2.839425842664737,Express,Heavy,Medium,Clear,PayPal,North,1.1169168011822597
bf60f13b-90b2-4638-b73b-5e2499390900,395.0,4.076836234236423,Overnight,Light,Low,Rainy,PayPal,South,37.527001984652465
7cd13cd7-1fec-4750-9314-56de38323604,185.0,14.442233447994544,,Light,Medium,Rainy,PayPal,West,3.279444887639274
68c54c9e-6ff9-4a0d-9f0e-03d300175681,243.0,9.321259461096618,Express,Moderate,Low,Clear,Credit Card,West,19.41771494436135
1765a786-ba11-4a9d-ae6d-b4eacbdc485b,417.0,5.36178154495656,Express,Heavy,Low,Clear,Bank Transfer,East,19.058536526906106
c5d01863-1bce-4c6d-af0c-be5c603f0fc3,435.0,13.334919881873882,Overnight,Light,Medium,Clear,Credit Card,East,39.734768524377444
427eb58f-1674-4821-813f-801619e4b8ab,464.0,29.44042693422997,Standard,Heavy,Medium,Rainy,Credit Card,East,14.711412356576464
79b42391-ed6a-458c-ba98-d017e84842e3,61.0,4.19454411278301,Standard,Light,High,Rainy,Credit Card,West,42.722301679740006
0afb7871-7ca5-42ab-865a-c604ad769a99,257.0,9.284284553059278,Standard,Light,Medium,Rainy,Bank Transfer,South,36.163210955398775
cc966949-c4fc-42f8-a034-5baeb554050f,181.0,8.890144046894163,Standard,Moderate,Low,Snowy,Credit Card,North,17.950915663308006
198810a0-85f0-4d97-89b6-97d309d81dd0,433.0,24.882606022018035,Standard,Moderate,Medium,Snowy,Credit Card,South,33.95187122782118
d9349913-18e7-40bf-80e4-dd4951801cf4,205.0,1.2578591550470233,Overnight,Light,Medium,Clear,Bank Transfer,North,20.23665668173553
ec4f1e17-8ebc-4e74-ac49-a68349822cb7,380.0,1.1838519097429798,Express,Light,High,Snowy,Credit Card,West,28.086084269495835
100014d7-4010-4e60-a2a3-0e0b019c5830,199.0,25.869048615517485,Standard,Heavy,Medium,Snowy,PayPal,East,24.616454704120816
b62459c2-a7be-41f0-aa82-c009e01567bc,125.0,9.74354607021188,Express,Moderate,Medium,Clear,Bank Transfer,South,47.23424665549643
c8b3172c-19ba-4a8a-a980-3d49cd4d0cf1,382.0,19.572086405052552,Standard,Light,High,Clear,Bank Transfer,North,24.202361273345524
4d5880d5-9349-447b-9583-5f2bd595393f,,13.344016205976382,Standard,Heavy,Medium,Clear,Credit Card,West,23.963372946161805
951a29c1-6ada-4597-b0d0-6663eb80d1bc,364.0,15.493928923165571,Overnight,Moderate,Low,Clear,PayPal,West,35.75118797961942
ef8163fd-8887-4745-9b30-13ff9a53c322,125.0,4.485088307604588,Overnight,Light,High,Clear,Bank Transfer,West,46.58925896852945
f900ba9b-20b8-4fce-b934-7d8e2b5c4f6e,121.0,4.2786253091117015,Standard,Light,Medium,Rainy,PayPal,South,25.64973470316923
52b822e0-58ea-420f-9c1a-a75206643cdc,113.0,7.0248886314118275,Overnight,Heavy,Low,Snowy,Credit Card,West,29.375317504818888
bfd7eb19-2eee-4653-ac2b-fcc781bc1f7b,331.0,16.42195994121176,Standard,Heavy,High,Snowy,Credit Card,East,37.74014934766258
b09bac6c-be2a-4b91-9149-f1ab13f4182b,,8.948897733520669,Overnight,Moderate,Low,Rainy,PayPal,South,13.856309939268819
ff8de0ce-d212-4add-9cd0-a9aa88784629,379.0,19.42989261226192,Overnight,Moderate,Medium,Clear,Credit Card,North,23.69741341248272
f9c40a26-18a8-4fca-835f-9962ec9eae51,440.0,17.7067724684973,Overnight,Moderate,High,Clear,Credit Card,East,29.24343566324015
5d9ce779-2762-4a9a-978b-ca06b571ccbb,,24.554558998782156,Express,Heavy,Medium,Clear,Bank Transfer,East,13.982249018133707
8dbed1ae-9517-4a12-87a8-bba232399344,263.0,17.059850040440597,Overnight,Moderate,Low,Rainy,PayPal,East,7.489731421167856
2da9b64f-86f8-43e7-9e2f-07967ff077f9,478.0,14.502732087242245,Standard,Light,High,Snowy,Bank Transfer,East,18.838674425491902
861016fb-1366-4f9b-91f2-de2f427fd895,27.0,17.85372302844696,Standard,Moderate,Medium,Clear,Bank Transfer,East,6.039587888133854
0220c379-ae07-4c9e-ac93-fe86614085e5,405.0,25.52401564160327,Overnight,Moderate,Medium,Snowy,PayPal,North,2.109916358000701
ac3e7439-cdb2-4c37-b75d-fac1d6fa510f,22.0,11.321454857917963,Standard,Light,Low,Rainy,Credit Card,South,46.97191494563643
